1903.0,24.0,10.0,50.0,74.0,1.0,179.0,8.0,19.0,9.0,87.0,272.0,57.0,451.0,14.0,6.0,4.0,29.0,90.0,3.0,50.0,24.0,17.0,6.0,30.0,33.0,23.0,0.0,18.0,4.0,11.0,64.0,30.0,48.0,9.0,1.0,272.0,163.0,56.0,19.0,87.0,59.0,34.0,69.0,19.0,117.0,88.0,68.0,147.0,36.0,41.0,5.0,34.0,19.0,193.0,26.0,123.0,20.0,18.0,20.0,40.0,12.0,2.0,22.0,131.0,116.0,458.0,125.0,71.0,20.0,93.0,324.0,23.0,3.0,685.0,58.0,33.0,78.0,93.0,62.0,34.0,43.0,86.0,104.0,114.0,28.0,44.0,19.0,138.0,27.0,64.0,14.0,40.0,140.0,12.0,36.0,67.0,5.0,84.0,175.0,27.0,29.0,202.0,136.0,111.0,33.0,33.0,98.0,9.0,346.0,39.0,7.0,54.0,41.0,4.0,46.0,16.0,2.0,7.0
38.0,639.0,6.0,17.0,202.0,6.0,9.0,1.0,7.0,15.0,49.0,11.0,495.0,44.0,153.0,4.0,77.0,25.0,67.0,71.0,50.0,1.0,3.0,0.0,7.0,0.0,20.0,0.0,3.0,3.0,22.0,25.0,17.0,77.0,7.0,11.0,54.0,143.0,20.0,84.0,8.0,35.0,20.0,9.0,6.0,14.0,1.0,4.0,22.0,6.0,36.0,0.0,6.0,0.0,29.0,8.0,3.0,11.0,2.0,7.0,5.0,7.0,6.0,1.0,15.0,239.0,466.0,13.0,14.0,5.0,5.0,46.0,11.0,2.0,78.0,29.0,10.0,53.0,57.0,33.0,10.0,21.0,31.0,64.0,58.0,7.0,11.0,10.0,49.0,1.0,33.0,12.0,16.0,15.0,3.0,57.0,16.0,0.0,118.0,89.0,9.0,54.0,27.0,79.0,6.0,17.0,351.0,1.0,429.0,45.0,46.0,64.0,16.0,19.0,17.0,19.0,19.0,87.0,9.0
25.0,47.0,72.0,6.0,48.0,1.0,1.0,1.0,4.0,4.0,66.0,3.0,38.0,11.0,24.0,5.0,22.0,4.0,11.0,2.0,12.0,1.0,5.0,0.0,7.0,2.0,9.0,0.0,0.0,2.0,0.0,23.0,3.0,13.0,6.0,5.0,24.0,105.0,17.0,12.0,3.0,4.0,3.0,13.0,1.0,7.0,0.0,5.0,2.0,1.0,3.0,0.0,0.0,0.0,7.0,8.0,1.0,4.0,1.0,2.0,9.0,4.0,2.0,2.0,14.0,209.0,65.0,18.0,3.0,2.0,13.0,33.0,3.0,0.0,18.0,8.0,8.0,7.0,14.0,13.0,1.0,7.0,12.0,17.0,32.0,11.0,4.0,3.0,6.0,1.0,13.0,1.0,4.0,5.0,0.0,18.0,8.0,0.0,18.0,7.0,3.0,99.0,5.0,14.0,4.0,16.0,76.0,0.0,8.0,12.0,2.0,32.0,3.0,1.0,100.0,6.0,10.0,3.0,0.0
48.0,4.0,2.0,120.0,27.0,0.0,17.0,1.0,8.0,0.0,20.0,16.0,23.0,33.0,3.0,1.0,5.0,2.0,29.0,4.0,19.0,1.0,8.0,1.0,2.0,21.0,18.0,1.0,11.0,4.0,3.0,11.0,7.0,17.0,8.0,0.0,25.0,68.0,37.0,12.0,24.0,8.0,4.0,33.0,13.0,8.0,0.0,30.0,13.0,22.0,11.0,1.0,3.0,1.0,93.0,2.0,2.0,29.0,2.0,5.0,4.0,0.0,2.0,2.0,9.0,59.0,135.0,16.0,96.0,0.0,11.0,55.0,9.0,0.0,50.0,13.0,5.0,19.0,12.0,39.0,4.0,46.0,7.0,25.0,9.0,5.0,3.0,23.0,14.0,1.0,5.0,2.0,7.0,100.0,0.0,6.0,53.0,1.0,15.0,18.0,15.0,11.0,9.0,17.0,20.0,26.0,24.0,13.0,6.0,25.0,15.0,2.0,11.0,12.0,1.0,3.0,10.0,3.0,1.0
31.0,92.0,3.0,6.0,1922.0,30.0,9.0,1.0,6.0,1.0,48.0,29.0,281.0,27.0,12.0,11.0,641.0,92.0,765.0,522.0,317.0,61.0,18.0,404.0,87.0,6.0,250.0,8.0,34.0,4.0,47.0,27.0,31.0,238.0,3.0,4.0,17.0,221.0,15.0,332.0,22.0,21.0,10.0,12.0,7.0,13.0,4.0,3.0,44.0,23.0,10.0,4.0,4.0,11.0,76.0,2.0,13.0,5.0,5.0,0.0,1.0,11.0,9.0,6.0,10.0,135.0,777.0,23.0,3.0,2.0,28.0,42.0,9.0,1.0,166.0,60.0,7.0,53.0,39.0,21.0,13.0,9.0,30.0,78.0,28.0,34.0,58.0,26.0,56.0,2.0,19.0,8.0,5.0,7.0,3.0,61.0,15.0,0.0,274.0,549.0,6.0,23.0,29.0,54.0,11.0,69.0,49.0,1.0,83.0,48.0,177.0,4.0,28.0,17.0,5.0,31.0,37.0,72.0,18.0
6.0,6.0,3.0,0.0,58.0,11.0,0.0,0.0,0.0,0.0,8.0,5.0,15.0,1.0,0.0,0.0,41.0,2.0,14.0,31.0,10.0,4.0,0.0,3.0,4.0,0.0,15.0,0.0,0.0,0.0,0.0,1.0,1.0,14.0,0.0,1.0,0.0,6.0,1.0,51.0,0.0,0.0,0.0,0.0,0.0,2.0,0.0,0.0,0.0,1.0,1.0,0.0,1.0,0.0,1.0,0.0,0.0,0.0,0.0,0.0,0.0,0.0,0.0,0.0,1.0,10.0,27.0,1.0,0.0,0.0,0.0,1.0,0.0,0.0,1.0,3.0,0.0,2.0,6.0,0.0,4.0,0.0,2.0,5.0,0.0,2.0,1.0,0.0,4.0,0.0,2.0,0.0,0.0,0.0,0.0,4.0,0.0,0.0,14.0,9.0,0.0,3.0,0.0,1.0,0.0,4.0,7.0,0.0,10.0,2.0,2.0,0.0,3.0,1.0,0.0,3.0,0.0,7.0,2.0
310.0,16.0,2.0,28.0,31.0,0.0,239.0,4.0,85.0,8.0,53.0,81.0,32.0,49.0,5.0,1.0,4.0,9.0,38.0,3.0,19.0,14.0,1.0,3.0,10.0,3.0,14.0,0.0,14.0,23.0,17.0,99.0,16.0,20.0,36.0,0.0,451.0,56.0,41.0,9.0,63.0,30.0,44.0,83.0,8.0,250.0,53.0,40.0,40.0,16.0,106.0,25.0,8.0,3.0,96.0,34.0,7.0,10.0,8.0,16.0,51.0,5.0,2.0,12.0,188.0,47.0,241.0,135.0,61.0,28.0,34.0,609.0,10.0,1.0,180.0,17.0,13.0,63.0,65.0,6.0,15.0,12.0,25.0,78.0,52.0,23.0,22.0,22.0,68.0,12.0,42.0,1.0,14.0,38.0,7.0,20.0,13.0,5.0,27.0,52.0,13.0,17.0,65.0,77.0,15.0,13.0,14.0,12.0,6.0,153.0,18.0,1.0,26.0,19.0,1.0,11.0,21.0,1.0,6.0
4.0,0.0,1.0,1.0,2.0,0.0,5.0,41.0,19.0,1.0,0.0,1.0,2.0,14.0,5.0,0.0,6.0,2.0,5.0,0.0,2.0,3.0,0.0,0.0,2.0,3.0,0.0,0.0,0.0,0.0,0.0,5.0,0.0,3.0,5.0,0.0,33.0,8.0,1.0,0.0,0.0,1.0,9.0,0.0,0.0,12.0,0.0,0.0,9.0,4.0,13.0,3.0,0.0,3.0,8.0,4.0,1.0,0.0,0.0,4.0,27.0,1.0,0.0,0.0,11.0,3.0,9.0,0.0,0.0,2.0,0.0,76.0,0.0,0.0,1.0,0.0,0.0,3.0,7.0,0.0,0.0,0.0,2.0,6.0,6.0,2.0,1.0,4.0,2.0,1.0,7.0,1.0,0.0,1.0,0.0,3.0,0.0,0.0,6.0,5.0,1.0,0.0,2.0,5.0,2.0,0.0,2.0,0.0,0.0,11.0,3.0,0.0,0.0,0.0,1.0,1.0,1.0,0.0,0.0
73.0,11.0,1.0,5.0,13.0,0.0,56.0,25.0,212.0,8.0,31.0,10.0,8.0,92.0,7.0,0.0,4.0,8.0,29.0,6.0,8.0,13.0,0.0,1.0,8.0,1.0,13.0,0.0,11.0,6.0,1.0,22.0,3.0,13.0,79.0,0.0,232.0,26.0,16.0,5.0,10.0,11.0,23.0,11.0,6.0,157.0,5.0,10.0,9.0,13.0,86.0,39.0,12.0,0.0,29.0,32.0,1.0,2.0,6.0,13.0,82.0,4.0,3.0,1.0,85.0,24.0,63.0,7.0,11.0,19.0,11.0,683.0,1.0,0.0,50.0,4.0,1.0,34.0,22.0,1.0,18.0,9.0,9.0,38.0,22.0,15.0,17.0,3.0,31.0,11.0,24.0,5.0,4.0,13.0,0.0,14.0,3.0,0.0,35.0,18.0,5.0,6.0,59.0,56.0,9.0,3.0,27.0,2.0,3.0,77.0,4.0,1.0,17.0,9.0,1.0,11.0,3.0,1.0,1.0
16.0,4.0,0.0,1.0,1.0,0.0,9.0,1.0,23.0,61.0,33.0,1.0,3.0,9.0,16.0,0.0,0.0,0.0,1.0,0.0,1.0,0.0,0.0,0.0,0.0,0.0,0.0,0.0,0.0,1.0,0.0,2.0,4.0,1.0,4.0,0.0,48.0,7.0,6.0,0.0,4.0,2.0,6.0,1.0,0.0,16.0,0.0,0.0,1.0,0.0,64.0,3.0,0.0,0.0,4.0,7.0,1.0,0.0,0.0,3.0,11.0,0.0,0.0,1.0,26.0,10.0,8.0,1.0,3.0,7.0,0.0,115.0,0.0,1.0,5.0,0.0,0.0,3.0,3.0,3.0,0.0,1.0,13.0,9.0,5.0,0.0,5.0,0.0,3.0,6.0,2.0,2.0,1.0,6.0,0.0,2.0,0.0,0.0,2.0,5.0,0.0,2.0,2.0,11.0,1.0,0.0,3.0,0.0,1.0,17.0,7.0,6.0,3.0,5.0,0.0,0.0,1.0,0.0,1.0
200.0,351.0,133.0,77.0,452.0,16.0,70.0,3.0,35.0,37.0,1472.0,80.0,281.0,75.0,219.0,35.0,152.0,128.0,375.0,71.0,187.0,107.0,158.0,11.0,99.0,42.0,112.0,2.0,107.0,16.0,45.0,284.0,76.0,264.0,12.0,7.0,114.0,925.0,371.0,180.0,129.0,46.0,69.0,94.0,175.0,48.0,35.0,25.0,55.0,79.0,104.0,6.0,16.0,4.0,316.0,19.0,9.0,69.0,31.0,51.0,25.0,55.0,20.0,482.0,33.0,1181.0,631.0,120.0,35.0,7.0,30.0,247.0,32.0,2.0,306.0,245.0,29.0,103.0,84.0,642.0,79.0,77.0,59.0,161.0,72.0,40.0,98.0,106.0,83.0,14.0,67.0,7.0,16.0,110.0,13.0,106.0,510.0,11.0,308.0,412.0,46.0,418.0,50.0,142.0,187.0,404.0,783.0,19.0,177.0,84.0,138.0,90.0,45.0,50.0,94.0,30.0,150.0,43.0,86.0
311.0,8.0,10.0,13.0,16.0,1.0,98.0,2.0,8.0,3.0,37.0,257.0,30.0,139.0,7.0,4.0,7.0,7.0,20.0,4.0,18.0,13.0,6.0,2.0,15.0,19.0,8.0,0.0,16.0,3.0,6.0,39.0,10.0,16.0,3.0,2.0,70.0,58.0,47.0,6.0,14.0,38.0,7.0,20.0,15.0,47.0,49.0,69.0,433.0,60.0,21.0,9.0,46.0,19.0,76.0,8.0,84.0,26.0,2.0,11.0,10.0,5.0,2.0,19.0,40.0,56.0,176.0,75.0,23.0,2.0,434.0,112.0,21.0,9.0,558.0,77.0,24.0,30.0,28.0,14.0,17.0,27.0,20.0,32.0,54.0,10.0,18.0,22.0,44.0,39.0,18.0,16.0,13.0,26.0,6.0,29.0,8.0,0.0,40.0,59.0,17.0,13.0,158.0,51.0,28.0,26.0,26.0,66.0,8.0,221.0,18.0,8.0,12.0,48.0,2.0,17.0,5.0,4.0,7.0
729.0,905.0,89.0,255.0,1816.0,66.0,125.0,19.0,106.0,34.0,448.0,137.0,2177.0,248.0,322.0,50.0,665.0,251.0,728.0,607.0,585.0,66.0,88.0,111.0,336.0,84.0,232.0,2.0,102.0,30.0,161.0,239.0,196.0,600.0,34.0,18.0,689.0,3330.0,95.0,742.0,235.0,216.0,126.0,131.0,117.0,219.0,25.0,119.0,328.0,176.0,198.0,31.0,58.0,7.0,581.0,40.0,51.0,112.0,28.0,26.0,81.0,95.0,65.0,14.0,360.0,1164.0,3501.0,114.0,158.0,38.0,176.0,480.0,42.0,25.0,984.0,354.0,92.0,397.0,427.0,552.0,236.0,189.0,319.0,658.0,441.0,148.0,337.0,139.0,374.0,31.0,296.0,47.0,105.0,210.0,16.0,330.0,402.0,1.0,570.0,701.0,60.0,230.0,265.0,539.0,306.0,340.0,1338.0,87.0,641.0,523.0,265.0,92.0,196.0,131.0,70.0,111.0,463.0,580.0,83.0
323.0,17.0,4.0,30.0,15.0,0.0,34.0,8.0,36.0,12.0,21.0,94.0,37.0,1309.0,4.0,3.0,8.0,6.0,13.0,1.0,23.0,16.0,8.0,1.0,3.0,25.0,6.0,2.0,14.0,7.0,30.0,18.0,20.0,12.0,21.0,1.0,148.0,152.0,12.0,9.0,8.0,38.0,11.0,18.0,25.0,259.0,13.0,33.0,78.0,41.0,42.0,11.0,44.0,5.0,103.0,13.0,45.0,17.0,18.0,18.0,29.0,9.0,0.0,8.0,144.0,74.0,261.0,17.0,44.0,5.0,81.0,365.0,15.0,4.0,433.0,96.0,41.0,16.0,34.0,35.0,23.0,40.0,28.0,36.0,75.0,18.0,22.0,20.0,88.0,75.0,9.0,46.0,19.0,49.0,12.0,18.0,38.0,0.0,23.0,69.0,7.0,14.0,274.0,59.0,66.0,16.0,23.0,14.0,7.0,547.0,10.0,5.0,21.0,32.0,0.0,11.0,5.0,3.0,6.0
29.0,98.0,8.0,15.0,34.0,0.0,5.0,0.0,5.0,22.0,69.0,7.0,90.0,12.0,448.0,1.0,6.0,4.0,21.0,2.0,11.0,0.0,2.0,2.0,6.0,3.0,12.0,0.0,3.0,4.0,1.0,28.0,3.0,10.0,4.0,12.0,42.0,106.0,10.0,29.0,2.0,14.0,3.0,13.0,2.0,12.0,2.0,5.0,8.0,2.0,20.0,4.0,2.0,0.0,11.0,3.0,2.0,0.0,1.0,1.0,5.0,0.0,1.0,1.0,25.0,237.0,227.0,13.0,6.0,10.0,5.0,37.0,1.0,4.0,43.0,9.0,11.0,17.0,22.0,14.0,2.0,13.0,30.0,24.0,16.0,1.0,10.0,3.0,21.0,3.0,7.0,1.0,8.0,10.0,0.0,12.0,16.0,1.0,14.0,12.0,4.0,51.0,11.0,22.0,8.0,7.0,117.0,1.0,43.0,31.0,2.0,120.0,8.0,9.0,25.0,0.0,9.0,20.0,1.0
28.0,10.0,9.0,0.0,35.0,2.0,1.0,0.0,5.0,0.0,9.0,6.0,25.0,12.0,6.0,13.0,8.0,9.0,25.0,25.0,22.0,2.0,3.0,0.0,8.0,9.0,9.0,0.0,4.0,0.0,12.0,4.0,5.0,21.0,0.0,0.0,13.0,217.0,2.0,13.0,7.0,16.0,3.0,3.0,7.0,6.0,1.0,4.0,11.0,6.0,4.0,0.0,4.0,1.0,14.0,1.0,4.0,6.0,1.0,0.0,2.0,0.0,3.0,1.0,9.0,59.0,126.0,4.0,9.0,0.0,9.0,19.0,1.0,3.0,31.0,8.0,10.0,22.0,12.0,14.0,8.0,9.0,15.0,18.0,11.0,5.0,7.0,5.0,14.0,0.0,8.0,0.0,4.0,1.0,0.0,16.0,9.0,0.0,18.0,28.0,1.0,17.0,11.0,28.0,22.0,16.0,17.0,3.0,11.0,18.0,18.0,1.0,5.0,4.0,3.0,8.0,10.0,3.0,3.0
3.0,29.0,3.0,1.0,776.0,18.0,3.0,0.0,0.0,0.0,20.0,4.0,152.0,2.0,1.0,4.0,199.0,45.0,130.0,98.0,64.0,7.0,5.0,153.0,16.0,2.0,77.0,1.0,7.0,0.0,12.0,7.0,9.0,49.0,1.0,0.0,8.0,44.0,3.0,35.0,7.0,8.0,0.0,2.0,1.0,3.0,1.0,0.0,8.0,4.0,4.0,1.0,3.0,4.0,25.0,0.0,1.0,1.0,0.0,2.0,1.0,5.0,0.0,2.0,1.0,45.0,330.0,2.0,3.0,1.0,3.0,16.0,0.0,1.0,23.0,8.0,2.0,7.0,8.0,9.0,11.0,2.0,10.0,19.0,9.0,6.0,12.0,3.0,20.0,0.0,7.0,2.0,8.0,1.0,3.0,9.0,8.0,0.0,65.0,113.0,6.0,6.0,2.0,7.0,3.0,18.0,20.0,2.0,32.0,7.0,32.0,8.0,12.0,12.0,3.0,9.0,12.0,35.0,4.0
17.0,18.0,0.0,2.0,92.0,3.0,1.0,0.0,4.0,0.0,14.0,3.0,33.0,9.0,2.0,0.0,21.0,138.0,62.0,84.0,179.0,7.0,17.0,6.0,20.0,1.0,41.0,2.0,14.0,0.0,12.0,6.0,6.0,18.0,0.0,0.0,6.0,35.0,1.0,90.0,3.0,7.0,2.0,6.0,0.0,2.0,1.0,2.0,11.0,12.0,1.0,3.0,2.0,0.0,21.0,2.0,1.0,1.0,1.0,0.0,2.0,8.0,2.0,1.0,3.0,25.0,193.0,10.0,2.0,0.0,10.0,11.0,2.0,3.0,41.0,7.0,9.0,12.0,5.0,2.0,3.0,8.0,11.0,18.0,16.0,0.0,12.0,5.0,8.0,4.0,6.0,3.0,3.0,8.0,4.0,7.0,0.0,0.0,51.0,139.0,1.0,5.0,15.0,10.0,0.0,14.0,14.0,1.0,5.0,15.0,51.0,2.0,6.0,3.0,3.0,10.0,11.0,3.0,16.0
31.0,20.0,8.0,4.0,413.0,7.0,13.0,0.0,9.0,1.0,42.0,10.0,210.0,14.0,12.0,1.0,92.0,72.0,2031.0,302.0,127.0,137.0,4.0,47.0,84.0,1.0,88.0,2.0,8.0,1.0,57.0,7.0,28.0,336.0,2.0,1.0,6.0,230.0,12.0,106.0,16.0,21.0,2.0,9.0,2.0,10.0,5.0,5.0,39.0,9.0,3.0,0.0,3.0,3.0,59.0,1.0,10.0,16.0,8.0,3.0,5.0,21.0,5.0,4.0,14.0,70.0,586.0,17.0,1.0,0.0,21.0,44.0,3.0,0.0,142.0,36.0,16.0,22.0,17.0,23.0,13.0,14.0,25.0,66.0,35.0,18.0,53.0,10.0,60.0,1.0,19.0,5.0,14.0,7.0,4.0,59.0,2.0,0.0,309.0,590.0,5.0,24.0,21.0,45.0,13.0,69.0,23.0,3.0,28.0,39.0,177.0,0.0,22.0,22.0,2.0,22.0,26.0,28.0,74.0
6.0,11.0,3.0,0.0,256.0,11.0,3.0,0.0,0.0,1.0,18.0,1.0,62.0,3.0,8.0,4.0,82.0,78.0,157.0,365.0,132.0,55.0,1.0,59.0,7.0,3.0,40.0,2.0,8.0,0.0,9.0,0.0,8.0,37.0,0.0,0.0,3.0,49.0,0.0,55.0,7.0,5.0,0.0,1.0,2.0,0.0,0.0,0.0,7.0,1.0,1.0,0.0,2.0,1.0,13.0,2.0,2.0,1.0,1.0,0.0,1.0,12.0,5.0,1.0,1.0,25.0,211.0,1.0,0.0,1.0,2.0,11.0,4.0,0.0,25.0,10.0,1.0,4.0,5.0,6.0,1.0,3.0,1.0,8.0,10.0,4.0,12.0,1.0,9.0,1.0,1.0,1.0,1.0,1.0,0.0,9.0,3.0,0.0,67.0,122.0,1.0,4.0,2.0,9.0,6.0,13.0,15.0,3.0,15.0,10.0,26.0,1.0,0.0,3.0,2.0,1.0,10.0,9.0,15.0
14.0,19.0,6.0,17.0,538.0,7.0,2.0,0.0,1.0,0.0,36.0,9.0,83.0,10.0,5.0,3.0,67.0,299.0,255.0,220.0,457.0,11.0,52.0,38.0,21.0,38.0,211.0,2.0,47.0,1.0,29.0,10.0,16.0,48.0,1.0,1.0,8.0,206.0,2.0,241.0,13.0,16.0,2.0,8.0,10.0,9.0,0.0,7.0,17.0,23.0,5.0,2.0,8.0,18.0,39.0,2.0,5.0,7.0,1.0,0.0,3.0,7.0,14.0,3.0,12.0,81.0,573.0,4.0,6.0,0.0,25.0,22.0,0.0,0.0,86.0,33.0,17.0,19.0,10.0,20.0,7.0,57.0,13.0,26.0,31.0,20.0,14.0,26.0,12.0,4.0,7.0,11.0,2.0,10.0,3.0,24.0,9.0,1.0,89.0,188.0,7.0,16.0,7.0,16.0,4.0,23.0,15.0,3.0,20.0,30.0,228.0,8.0,15.0,4.0,5.0,4.0,36.0,13.0,19.0
14.0,4.0,0.0,0.0,45.0,1.0,0.0,1.0,0.0,0.0,7.0,2.0,54.0,2.0,1.0,1.0,15.0,27.0,273.0,52.0,28.0,55.0,2.0,9.0,21.0,1.0,11.0,2.0,6.0,0.0,11.0,0.0,8.0,183.0,0.0,0.0,4.0,47.0,2.0,21.0,2.0,6.0,1.0,1.0,0.0,12.0,6.0,1.0,20.0,5.0,3.0,1.0,2.0,0.0,21.0,0.0,5.0,3.0,0.0,0.0,0.0,6.0,6.0,0.0,6.0,17.0,108.0,3.0,1.0,0.0,13.0,14.0,1.0,0.0,59.0,8.0,5.0,11.0,7.0,9.0,6.0,1.0,5.0,18.0,17.0,10.0,20.0,4.0,14.0,0.0,12.0,1.0,4.0,0.0,1.0,23.0,2.0,0.0,101.0,234.0,1.0,4.0,0.0,17.0,2.0,22.0,2.0,6.0,1.0,18.0,53.0,0.0,8.0,7.0,0.0,7.0,13.0,5.0,19.0
34.0,6.0,2.0,7.0,55.0,1.0,12.0,0.0,10.0,0.0,21.0,10.0,11.0,14.0,3.0,0.0,4.0,20.0,23.0,9.0,85.0,8.0,87.0,2.0,5.0,15.0,21.0,33.0,75.0,0.0,19.0,10.0,15.0,8.0,4.0,1.0,29.0,23.0,7.0,33.0,6.0,17.0,1.0,11.0,6.0,10.0,3.0,3.0,41.0,30.0,3.0,1.0,15.0,13.0,64.0,2.0,3.0,9.0,3.0,3.0,4.0,3.0,9.0,3.0,7.0,27.0,98.0,9.0,9.0,0.0,21.0,16.0,6.0,1.0,116.0,58.0,21.0,18.0,14.0,23.0,9.0,18.0,6.0,18.0,26.0,8.0,13.0,65.0,11.0,4.0,7.0,5.0,8.0,8.0,2.0,9.0,6.0,0.0,23.0,22.0,34.0,5.0,22.0,30.0,21.0,56.0,7.0,3.0,0.0,49.0,125.0,0.0,19.0,13.0,1.0,5.0,53.0,5.0,21.0
3.0,7.0,3.0,1.0,329.0,11.0,3.0,0.0,1.0,1.0,6.0,0.0,60.0,1.0,1.0,0.0,219.0,28.0,49.0,50.0,48.0,4.0,1.0,44.0,13.0,0.0,36.0,0.0,4.0,0.0,1.0,2.0,14.0,50.0,0.0,2.0,3.0,19.0,1.0,56.0,1.0,3.0,0.0,1.0,1.0,4.0,1.0,0.0,6.0,3.0,2.0,0.0,0.0,0.0,7.0,0.0,0.0,4.0,0.0,0.0,0.0,0.0,3.0,1.0,0.0,21.0,176.0,5.0,1.0,1.0,4.0,19.0,2.0,0.0,16.0,7.0,2.0,6.0,4.0,7.0,5.0,1.0,4.0,18.0,7.0,8.0,11.0,1.0,7.0,0.0,3.0,0.0,3.0,5.0,1.0,7.0,2.0,0.0,26.0,72.0,0.0,4.0,1.0,6.0,4.0,19.0,9.0,0.0,16.0,10.0,11.0,0.0,6.0,1.0,0.0,4.0,5.0,24.0,5.0
8.0,4.0,0.0,2.0,23.0,1.0,3.0,0.0,3.0,0.0,8.0,4.0,51.0,3.0,2.0,1.0,4.0,14.0,28.0,4.0,7.0,12.0,0.0,5.0,138.0,28.0,2.0,0.0,2.0,1.0,23.0,1.0,34.0,30.0,0.0,0.0,5.0,122.0,5.0,2.0,12.0,4.0,0.0,2.0,0.0,2.0,7.0,0.0,10.0,8.0,1.0,1.0,5.0,1.0,22.0,0.0,3.0,3.0,5.0,0.0,0.0,4.0,3.0,0.0,2.0,23.0,68.0,5.0,0.0,1.0,6.0,14.0,7.0,0.0,75.0,18.0,0.0,33.0,7.0,29.0,117.0,10.0,50.0,92.0,9.0,11.0,79.0,4.0,19.0,1.0,11.0,5.0,0.0,12.0,3.0,295.0,5.0,0.0,185.0,82.0,1.0,6.0,3.0,16.0,22.0,21.0,9.0,0.0,5.0,14.0,26.0,1.0,17.0,36.0,0.0,22.0,26.0,7.0,19.0
52.0,6.0,1.0,34.0,20.0,0.0,11.0,1.0,2.0,0.0,20.0,29.0,22.0,44.0,8.0,0.0,4.0,12.0,29.0,3.0,34.0,4.0,8.0,1.0,11.0,73.0,13.0,1.0,29.0,2.0,5.0,7.0,11.0,21.0,5.0,1.0,15.0,68.0,8.0,8.0,10.0,28.0,4.0,9.0,25.0,12.0,2.0,9.0,75.0,112.0,7.0,0.0,50.0,16.0,90.0,7.0,6.0,70.0,3.0,2.0,2.0,2.0,2.0,4.0,4.0,30.0,145.0,4.0,5.0,2.0,95.0,45.0,11.0,2.0,231.0,56.0,22.0,23.0,26.0,32.0,39.0,115.0,17.0,33.0,59.0,18.0,30.0,55.0,42.0,9.0,31.0,8.0,20.0,47.0,3.0,36.0,14.0,1.0,17.0,20.0,21.0,4.0,93.0,46.0,22.0,17.0,19.0,2.0,4.0,92.0,45.0,1.0,21.0,36.0,0.0,2.0,7.0,5.0,2.0
25.0,19.0,4.0,13.0,343.0,18.0,4.0,0.0,5.0,1.0,30.0,6.0,76.0,19.0,3.0,3.0,121.0,118.0,227.0,156.0,339.0,14.0,22.0,55.0,25.0,4.0,253.0,0.0,23.0,0.0,27.0,18.0,14.0,72.0,2.0,1.0,13.0,187.0,11.0,263.0,24.0,28.0,4.0,8.0,13.0,18.0,1.0,3.0,22.0,8.0,1.0,0.0,9.0,1.0,37.0,6.0,4.0,9.0,0.0,2.0,1.0,41.0,42.0,14.0,10.0,64.0,594.0,3.0,2.0,2.0,29.0,27.0,3.0,3.0,90.0,73.0,2.0,32.0,18.0,52.0,11.0,10.0,8.0,35.0,44.0,18.0,11.0,15.0,14.0,1.0,11.0,1.0,4.0,11.0,2.0,14.0,16.0,0.0,99.0,138.0,7.0,23.0,9.0,15.0,48.0,30.0,31.0,3.0,15.0,28.0,147.0,1.0,15.0,8.0,4.0,12.0,33.0,14.0,80.0
0.0,3.0,0.0,3.0,9.0,0.0,0.0,0.0,1.0,0.0,4.0,0.0,1.0,1.0,0.0,0.0,4.0,10.0,12.0,1.0,9.0,2.0,57.0,0.0,5.0,0.0,2.0,4.0,14.0,0.0,5.0,0.0,1.0,17.0,0.0,0.0,1.0,7.0,1.0,4.0,1.0,2.0,0.0,0.0,3.0,1.0,1.0,0.0,3.0,3.0,0.0,0.0,1.0,0.0,10.0,0.0,0.0,1.0,0.0,0.0,0.0,2.0,22.0,3.0,0.0,0.0,22.0,1.0,1.0,0.0,0.0,1.0,1.0,0.0,6.0,17.0,1.0,3.0,3.0,7.0,1.0,1.0,2.0,0.0,1.0,4.0,6.0,3.0,1.0,0.0,2.0,0.0,0.0,0.0,0.0,8.0,6.0,0.0,27.0,12.0,1.0,3.0,0.0,0.0,7.0,32.0,0.0,0.0,0.0,1.0,6.0,0.0,1.0,0.0,0.0,3.0,12.0,1.0,1.0
57.0,7.0,1.0,24.0,96.0,0.0,14.0,0.0,19.0,0.0,18.0,28.0,40.0,92.0,2.0,6.0,16.0,35.0,79.0,24.0,82.0,17.0,98.0,10.0,11.0,42.0,17.0,4.0,193.0,0.0,54.0,14.0,42.0,39.0,3.0,0.0,38.0,68.0,9.0,26.0,21.0,44.0,12.0,17.0,15.0,20.0,10.0,10.0,98.0,53.0,22.0,1.0,26.0,7.0,94.0,4.0,10.0,16.0,43.0,3.0,9.0,7.0,10.0,4.0,25.0,34.0,254.0,18.0,14.0,6.0,30.0,81.0,79.0,6.0,428.0,179.0,24.0,91.0,88.0,25.0,74.0,37.0,131.0,170.0,120.0,53.0,109.0,106.0,124.0,8.0,60.0,12.0,31.0,20.0,53.0,41.0,5.0,0.0,52.0,42.0,181.0,8.0,42.0,130.0,39.0,174.0,7.0,22.0,12.0,140.0,258.0,0.0,78.0,76.0,0.0,10.0,50.0,3.0,13.0
30.0,21.0,1.0,2.0,27.0,0.0,33.0,1.0,8.0,0.0,32.0,13.0,4.0,20.0,18.0,0.0,9.0,7.0,26.0,2.0,6.0,3.0,4.0,3.0,7.0,0.0,1.0,0.0,4.0,13.0,1.0,12.0,7.0,18.0,10.0,0.0,67.0,28.0,9.0,13.0,6.0,6.0,6.0,9.0,2.0,29.0,7.0,16.0,8.0,6.0,20.0,6.0,8.0,0.0,27.0,4.0,2.0,2.0,1.0,13.0,16.0,0.0,2.0,1.0,21.0,34.0,47.0,15.0,13.0,2.0,4.0,151.0,0.0,0.0,13.0,2.0,0.0,16.0,12.0,2.0,5.0,7.0,9.0,12.0,10.0,1.0,10.0,1.0,12.0,2.0,5.0,0.0,1.0,16.0,0.0,16.0,5.0,0.0,23.0,23.0,3.0,9.0,9.0,20.0,3.0,2.0,17.0,4.0,2.0,23.0,4.0,1.0,1.0,4.0,1.0,2.0,6.0,1.0,1.0
53.0,17.0,8.0,10.0,108.0,0.0,11.0,2.0,4.0,0.0,36.0,30.0,78.0,71.0,9.0,0.0,28.0,67.0,318.0,53.0,38.0,114.0,64.0,7.0,71.0,11.0,48.0,2.0,153.0,2.0,112.0,18.0,64.0,226.0,6.0,1.0,36.0,252.0,12.0,19.0,95.0,31.0,4.0,13.0,48.0,7.0,5.0,12.0,59.0,66.0,3.0,4.0,18.0,5.0,130.0,1.0,4.0,25.0,37.0,3.0,10.0,12.0,34.0,8.0,8.0,56.0,532.0,12.0,13.0,2.0,24.0,57.0,40.0,2.0,209.0,314.0,20.0,60.0,75.0,81.0,73.0,22.0,79.0,135.0,102.0,60.0,96.0,67.0,56.0,13.0,54.0,5.0,25.0,13.0,10.0,99.0,27.0,0.0,345.0,274.0,83.0,25.0,22.0,82.0,75.0,196.0,22.0,7.0,25.0,82.0,85.0,1.0,55.0,53.0,0.0,42.0,331.0,11.0,48.0
98.0,83.0,43.0,26.0,82.0,1.0,80.0,9.0,26.0,11.0,279.0,34.0,55.0,37.0,63.0,3.0,31.0,14.0,48.0,11.0,34.0,5.0,11.0,2.0,10.0,13.0,17.0,0.0,13.0,10.0,11.0,786.0,15.0,17.0,13.0,0.0,145.0,163.0,201.0,31.0,30.0,19.0,129.0,99.0,8.0,71.0,53.0,27.0,17.0,19.0,97.0,5.0,11.0,5.0,82.0,31.0,19.0,13.0,4.0,59.0,21.0,6.0,0.0,66.0,36.0,349.0,192.0,165.0,55.0,19.0,14.0,236.0,1.0,2.0,86.0,29.0,6.0,23.0,28.0,52.0,10.0,23.0,14.0,30.0,18.0,10.0,10.0,8.0,35.0,2.0,19.0,2.0,2.0,118.0,1.0,22.0,94.0,10.0,33.0,39.0,9.0,65.0,37.0,45.0,21.0,8.0,219.0,16.0,54.0,49.0,14.0,5.0,10.0,13.0,17.0,3.0,16.0,10.0,7.0
29.0,3.0,1.0,1.0,30.0,1.0,3.0,1.0,1.0,0.0,20.0,3.0,32.0,11.0,5.0,1.0,9.0,22.0,74.0,9.0,12.0,18.0,9.0,14.0,98.0,13.0,5.0,0.0,11.0,0.0,14.0,1.0,226.0,41.0,2.0,1.0,9.0,58.0,6.0,4.0,2.0,18.0,3.0,2.0,10.0,4.0,4.0,2.0,48.0,25.0,1.0,0.0,6.0,8.0,60.0,0.0,7.0,19.0,9.0,2.0,5.0,13.0,0.0,4.0,4.0,21.0,118.0,12.0,2.0,1.0,13.0,19.0,26.0,2.0,158.0,28.0,10.0,22.0,13.0,10.0,67.0,7.0,19.0,33.0,27.0,69.0,60.0,31.0,41.0,7.0,3.0,3.0,3.0,15.0,1.0,115.0,10.0,0.0,118.0,159.0,10.0,7.0,5.0,22.0,19.0,36.0,3.0,7.0,6.0,29.0,32.0,0.0,73.0,92.0,3.0,114.0,5.0,0.0,15.0
30.0,17.0,2.0,3.0,102.0,5.0,4.0,0.0,2.0,0.0,8.0,5.0,56.0,4.0,1.0,4.0,43.0,34.0,264.0,12.0,23.0,56.0,3.0,24.0,45.0,5.0,18.0,2.0,8.0,0.0,28.0,3.0,19.0,395.0,0.0,1.0,4.0,44.0,2.0,12.0,3.0,7.0,0.0,1.0,0.0,8.0,8.0,1.0,23.0,5.0,5.0,0.0,10.0,0.0,34.0,0.0,1.0,4.0,2.0,2.0,1.0,15.0,3.0,0.0,6.0,34.0,122.0,2.0,2.0,0.0,10.0,23.0,5.0,1.0,58.0,20.0,1.0,18.0,11.0,7.0,10.0,6.0,12.0,27.0,18.0,18.0,28.0,8.0,26.0,1.0,6.0,1.0,3.0,1.0,2.0,29.0,3.0,0.0,177.0,304.0,2.0,10.0,9.0,18.0,7.0,30.0,10.0,2.0,12.0,34.0,73.0,0.0,8.0,9.0,0.0,19.0,20.0,7.0,56.0
11.0,1.0,0.0,1.0,9.0,0.0,15.0,5.0,27.0,1.0,1.0,0.0,2.0,7.0,6.0,2.0,0.0,1.0,3.0,0.0,0.0,3.0,0.0,0.0,6.0,0.0,1.0,0.0,2.0,2.0,0.0,9.0,4.0,1.0,50.0,0.0,49.0,9.0,3.0,1.0,6.0,3.0,4.0,0.0,0.0,19.0,1.0,1.0,3.0,0.0,29.0,47.0,0.0,0.0,16.0,4.0,0.0,1.0,0.0,6.0,14.0,1.0,0.0,2.0,32.0,8.0,23.0,5.0,2.0,5.0,0.0,169.0,0.0,0.0,10.0,1.0,3.0,6.0,4.0,5.0,0.0,0.0,5.0,10.0,5.0,4.0,8.0,0.0,13.0,1.0,3.0,2.0,0.0,2.0,0.0,2.0,0.0,0.0,3.0,9.0,2.0,1.0,6.0,11.0,1.0,0.0,3.0,1.0,2.0,13.0,1.0,0.0,3.0,1.0,0.0,3.0,0.0,0.0,0.0
14.0,17.0,1.0,2.0,23.0,0.0,4.0,0.0,18.0,0.0,19.0,2.0,17.0,8.0,7.0,2.0,14.0,1.0,13.0,7.0,6.0,0.0,2.0,0.0,6.0,0.0,6.0,0.0,1.0,3.0,2.0,9.0,4.0,4.0,1.0,2.0,9.0,63.0,5.0,4.0,3.0,4.0,5.0,2.0,2.0,6.0,1.0,3.0,4.0,1.0,3.0,0.0,1.0,0.0,4.0,2.0,0.0,1.0,0.0,0.0,1.0,0.0,1.0,1.0,0.0,92.0,38.0,3.0,0.0,1.0,11.0,14.0,1.0,2.0,14.0,1.0,0.0,2.0,17.0,7.0,0.0,4.0,16.0,12.0,3.0,6.0,4.0,1.0,9.0,1.0,4.0,0.0,14.0,0.0,0.0,4.0,7.0,1.0,6.0,14.0,0.0,20.0,4.0,10.0,2.0,3.0,45.0,0.0,9.0,6.0,4.0,4.0,7.0,6.0,14.0,0.0,9.0,0.0,0.0
119.0,16.0,7.0,27.0,11.0,0.0,116.0,17.0,147.0,13.0,34.0,14.0,62.0,74.0,5.0,2.0,1.0,6.0,14.0,4.0,13.0,4.0,4.0,5.0,2.0,16.0,11.0,0.0,8.0,4.0,7.0,34.0,7.0,10.0,54.0,3.0,914.0,73.0,29.0,4.0,102.0,9.0,44.0,8.0,12.0,217.0,13.0,19.0,50.0,17.0,131.0,27.0,5.0,3.0,145.0,47.0,8.0,7.0,0.0,39.0,182.0,6.0,1.0,12.0,516.0,64.0,307.0,21.0,28.0,43.0,18.0,1179.0,6.0,2.0,98.0,25.0,5.0,17.0,20.0,21.0,5.0,14.0,9.0,17.0,25.0,12.0,0.0,3.0,38.0,17.0,15.0,1.0,5.0,29.0,2.0,8.0,14.0,1.0,29.0,50.0,3.0,8.0,21.0,36.0,23.0,9.0,22.0,12.0,15.0,76.0,4.0,2.0,6.0,11.0,2.0,1.0,11.0,2.0,7.0
1042.0,764.0,281.0,491.0,1065.0,19.0,197.0,23.0,243.0,43.0,1244.0,190.0,1008.0,697.0,570.0,112.0,355.0,401.0,1047.0,431.0,636.0,227.0,160.0,105.0,407.0,138.0,326.0,2.0,262.0,60.0,416.0,633.0,316.0,744.0,75.0,17.0,1105.0,4218.0,390.0,422.0,788.0,383.0,307.0,523.0,271.0,360.0,114.0,257.0,602.0,206.0,491.0,58.0,108.0,20.0,1139.0,130.0,96.0,217.0,70.0,91.0,163.0,115.0,58.0,58.0,493.0,3559.0,4115.0,388.0,374.0,95.0,309.0,1133.0,69.0,38.0,1557.0,768.0,106.0,566.0,556.0,1580.0,339.0,293.0,537.0,904.0,728.0,289.0,474.0,265.0,569.0,35.0,364.0,72.0,165.0,393.0,31.0,488.0,1000.0,8.0,1082.0,1270.0,114.0,573.0,399.0,700.0,1052.0,467.0,1962.0,102.0,450.0,778.0,367.0,120.0,334.0,223.0,231.0,137.0,833.0,144.0,222.0
459.0,32.0,22.0,76.0,89.0,2.0,135.0,10.0,59.0,14.0,580.0,147.0,41.0,128.0,28.0,9.0,22.0,19.0,72.0,11.0,33.0,17.0,17.0,2.0,62.0,13.0,7.0,1.0,12.0,15.0,4.0,548.0,38.0,56.0,15.0,0.0,273.0,212.0,446.0,28.0,14.0,70.0,158.0,213.0,18.0,109.0,66.0,30.0,67.0,35.0,125.0,7.0,20.0,2.0,63.0,48.0,7.0,24.0,11.0,65.0,78.0,9.0,1.0,139.0,30.0,314.0,177.0,216.0,85.0,29.0,61.0,443.0,27.0,6.0,391.0,37.0,25.0,133.0,146.0,81.0,60.0,29.0,82.0,224.0,98.0,44.0,60.0,24.0,101.0,21.0,80.0,7.0,31.0,54.0,5.0,91.0,51.0,46.0,81.0,87.0,15.0,91.0,151.0,199.0,27.0,64.0,67.0,23.0,23.0,172.0,16.0,12.0,76.0,44.0,14.0,27.0,25.0,5.0,11.0
5.0,25.0,4.0,10.0,285.0,24.0,7.0,0.0,3.0,2.0,22.0,6.0,80.0,7.0,12.0,1.0,52.0,133.0,139.0,117.0,269.0,10.0,13.0,43.0,6.0,4.0,145.0,3.0,7.0,0.0,12.0,16.0,6.0,41.0,0.0,0.0,6.0,149.0,6.0,159.0,12.0,13.0,2.0,12.0,9.0,3.0,1.0,2.0,15.0,10.0,3.0,2.0,2.0,1.0,22.0,2.0,2.0,7.0,0.0,2.0,4.0,21.0,24.0,0.0,6.0,48.0,431.0,7.0,4.0,2.0,9.0,25.0,4.0,0.0,39.0,45.0,3.0,11.0,8.0,22.0,4.0,11.0,7.0,29.0,15.0,2.0,14.0,15.0,4.0,0.0,5.0,1.0,9.0,8.0,3.0,9.0,7.0,0.0,48.0,79.0,2.0,14.0,8.0,10.0,7.0,9.0,28.0,2.0,30.0,19.0,45.0,4.0,5.0,5.0,2.0,2.0,9.0,33.0,21.0
221.0,17.0,16.0,85.0,73.0,3.0,78.0,2.0,34.0,8.0,95.0,24.0,71.0,38.0,2.0,4.0,30.0,36.0,104.0,18.0,28.0,35.0,8.0,9.0,25.0,17.0,25.0,2.0,34.0,6.0,83.0,56.0,16.0,87.0,14.0,0.0,375.0,256.0,33.0,28.0,250.0,39.0,31.0,136.0,17.0,135.0,17.0,68.0,43.0,36.0,67.0,9.0,10.0,3.0,408.0,19.0,21.0,35.0,7.0,9.0,46.0,24.0,12.0,7.0,195.0,103.0,444.0,68.0,101.0,18.0,29.0,269.0,15.0,2.0,157.0,191.0,7.0,36.0,41.0,42.0,38.0,45.0,40.0,43.0,79.0,20.0,27.0,42.0,37.0,7.0,35.0,3.0,26.0,64.0,3.0,30.0,91.0,0.0,126.0,172.0,11.0,21.0,37.0,42.0,101.0,62.0,47.0,28.0,16.0,118.0,42.0,3.0,17.0,18.0,2.0,9.0,138.0,10.0,71.0
20.0,8.0,0.0,4.0,3.0,1.0,7.0,0.0,5.0,1.0,3.0,1.0,23.0,13.0,0.0,1.0,2.0,1.0,14.0,1.0,3.0,1.0,2.0,0.0,2.0,2.0,3.0,0.0,11.0,2.0,4.0,0.0,4.0,5.0,1.0,1.0,7.0,53.0,3.0,2.0,5.0,275.0,3.0,0.0,13.0,11.0,1.0,3.0,22.0,13.0,2.0,1.0,13.0,5.0,28.0,0.0,4.0,2.0,2.0,10.0,0.0,3.0,0.0,3.0,2.0,12.0,122.0,7.0,0.0,0.0,19.0,22.0,4.0,6.0,179.0,32.0,9.0,27.0,102.0,11.0,9.0,18.0,13.0,28.0,97.0,5.0,3.0,25.0,160.0,3.0,14.0,7.0,83.0,9.0,3.0,7.0,4.0,0.0,13.0,20.0,12.0,0.0,9.0,61.0,14.0,3.0,2.0,5.0,3.0,59.0,16.0,0.0,36.0,19.0,0.0,2.0,3.0,0.0,4.0
57.0,25.0,2.0,4.0,33.0,1.0,16.0,1.0,29.0,7.0,53.0,10.0,24.0,25.0,23.0,3.0,6.0,4.0,20.0,3.0,11.0,2.0,0.0,0.0,10.0,0.0,1.0,0.0,5.0,0.0,0.0,84.0,4.0,19.0,17.0,1.0,111.0,46.0,60.0,10.0,16.0,5.0,123.0,40.0,0.0,48.0,14.0,16.0,4.0,2.0,108.0,13.0,1.0,1.0,22.0,46.0,9.0,4.0,3.0,56.0,24.0,1.0,3.0,20.0,14.0,99.0,83.0,37.0,24.0,32.0,4.0,281.0,1.0,0.0,19.0,3.0,2.0,20.0,16.0,18.0,5.0,10.0,8.0,9.0,9.0,3.0,9.0,2.0,24.0,0.0,12.0,7.0,1.0,29.0,0.0,12.0,12.0,0.0,10.0,19.0,9.0,34.0,18.0,28.0,8.0,13.0,59.0,4.0,19.0,45.0,6.0,7.0,8.0,10.0,13.0,7.0,3.0,4.0,3.0
42.0,7.0,3.0,14.0,11.0,0.0,40.0,4.0,5.0,0.0,60.0,15.0,20.0,16.0,9.0,1.0,8.0,6.0,21.0,1.0,8.0,1.0,0.0,3.0,1.0,1.0,9.0,0.0,3.0,9.0,1.0,35.0,3.0,2.0,6.0,0.0,42.0,50.0,99.0,15.0,20.0,8.0,3.0,409.0,4.0,18.0,16.0,14.0,5.0,3.0,10.0,0.0,2.0,1.0,52.0,9.0,0.0,5.0,4.0,6.0,6.0,1.0,0.0,41.0,11.0,88.0,139.0,188.0,20.0,3.0,6.0,49.0,0.0,0.0,25.0,4.0,0.0,9.0,5.0,14.0,1.0,10.0,7.0,9.0,1.0,0.0,9.0,4.0,7.0,1.0,3.0,0.0,3.0,64.0,0.0,4.0,9.0,4.0,14.0,7.0,2.0,24.0,7.0,9.0,5.0,0.0,27.0,5.0,14.0,11.0,1.0,2.0,2.0,7.0,3.0,0.0,9.0,4.0,0.0
138.0,20.0,11.0,45.0,37.0,0.0,34.0,0.0,12.0,0.0,49.0,24.0,33.0,82.0,14.0,2.0,8.0,8.0,36.0,6.0,33.0,12.0,19.0,3.0,6.0,45.0,25.0,1.0,40.0,6.0,20.0,31.0,47.0,17.0,6.0,0.0,108.0,142.0,19.0,13.0,35.0,49.0,12.0,43.0,78.0,25.0,9.0,16.0,106.0,108.0,27.0,4.0,44.0,10.0,312.0,6.0,19.0,59.0,8.0,1.0,15.0,4.0,5.0,6.0,35.0,45.0,214.0,29.0,62.0,10.0,68.0,139.0,9.0,0.0,323.0,176.0,23.0,77.0,83.0,83.0,14.0,98.0,30.0,102.0,111.0,25.0,9.0,192.0,73.0,9.0,66.0,6.0,29.0,57.0,4.0,16.0,41.0,0.0,25.0,27.0,15.0,12.0,27.0,84.0,143.0,39.0,35.0,16.0,17.0,131.0,28.0,2.0,24.0,35.0,3.0,11.0,31.0,6.0,3.0
56.0,9.0,2.0,19.0,17.0,0.0,79.0,9.0,63.0,4.0,40.0,8.0,21.0,146.0,2.0,2.0,1.0,9.0,12.0,5.0,3.0,5.0,2.0,3.0,12.0,3.0,1.0,0.0,4.0,3.0,2.0,26.0,9.0,11.0,34.0,1.0,376.0,49.0,12.0,3.0,69.0,24.0,44.0,15.0,7.0,293.0,9.0,15.0,11.0,6.0,100.0,37.0,7.0,0.0,91.0,19.0,5.0,4.0,1.0,17.0,82.0,4.0,0.0,6.0,115.0,31.0,223.0,25.0,27.0,24.0,22.0,686.0,5.0,3.0,65.0,13.0,2.0,20.0,38.0,14.0,4.0,13.0,12.0,26.0,31.0,15.0,11.0,4.0,45.0,6.0,20.0,7.0,9.0,25.0,0.0,1.0,12.0,1.0,20.0,23.0,2.0,14.0,76.0,61.0,19.0,1.0,16.0,5.0,10.0,129.0,7.0,1.0,17.0,10.0,0.0,6.0,7.0,2.0,5.0
581.0,17.0,3.0,12.0,43.0,0.0,232.0,3.0,23.0,3.0,69.0,232.0,12.0,99.0,10.0,0.0,10.0,7.0,73.0,10.0,10.0,23.0,5.0,0.0,27.0,4.0,2.0,0.0,22.0,13.0,11.0,224.0,45.0,35.0,22.0,0.0,129.0,77.0,79.0,4.0,16.0,40.0,63.0,113.0,6.0,114.0,54.0,43.0,44.0,28.0,61.0,10.0,14.0,5.0,37.0,21.0,28.0,5.0,21.0,156.0,25.0,0.0,1.0,32.0,39.0,73.0,98.0,403.0,38.0,10.0,83.0,232.0,19.0,7.0,315.0,33.0,18.0,61.0,71.0,18.0,43.0,11.0,55.0,69.0,66.0,34.0,52.0,18.0,87.0,14.0,43.0,12.0,18.0,69.0,9.0,64.0,16.0,6.0,84.0,79.0,17.0,19.0,97.0,62.0,11.0,35.0,27.0,24.0,5.0,153.0,22.0,0.0,54.0,35.0,2.0,19.0,12.0,7.0,3.0
85.0,10.0,0.0,25.0,0.0,0.0,11.0,0.0,6.0,4.0,29.0,61.0,7.0,15.0,3.0,1.0,1.0,0.0,12.0,0.0,4.0,7.0,2.0,2.0,4.0,1.0,6.0,0.0,3.0,6.0,5.0,8.0,1.0,9.0,2.0,0.0,19.0,42.0,11.0,1.0,15.0,13.0,1.0,14.0,4.0,8.0,6.0,148.0,122.0,11.0,5.0,1.0,12.0,1.0,34.0,0.0,32.0,6.0,3.0,4.0,4.0,2.0,0.0,1.0,13.0,16.0,91.0,15.0,35.0,3.0,24.0,43.0,5.0,0.0,86.0,10.0,2.0,6.0,7.0,9.0,11.0,10.0,6.0,6.0,11.0,3.0,6.0,3.0,9.0,5.0,2.0,1.0,1.0,51.0,1.0,8.0,6.0,0.0,12.0,6.0,2.0,7.0,11.0,14.0,5.0,4.0,14.0,36.0,6.0,21.0,2.0,0.0,3.0,12.0,1.0,3.0,2.0,1.0,3.0
153.0,12.0,9.0,50.0,88.0,0.0,41.0,0.0,11.0,0.0,133.0,470.0,50.0,106.0,10.0,2.0,32.0,47.0,166.0,29.0,60.0,26.0,64.0,8.0,34.0,51.0,53.0,1.0,47.0,5.0,49.0,45.0,83.0,66.0,13.0,1.0,35.0,147.0,51.0,28.0,25.0,131.0,8.0,18.0,38.0,20.0,31.0,64.0,492.0,200.0,18.0,8.0,141.0,27.0,132.0,6.0,39.0,56.0,40.0,18.0,9.0,20.0,10.0,11.0,16.0,84.0,356.0,60.0,51.0,5.0,328.0,124.0,65.0,11.0,1598.0,227.0,70.0,74.0,135.0,32.0,86.0,91.0,95.0,124.0,217.0,77.0,84.0,96.0,159.0,51.0,74.0,40.0,46.0,96.0,29.0,104.0,44.0,4.0,119.0,226.0,49.0,28.0,146.0,136.0,71.0,58.0,29.0,20.0,23.0,269.0,80.0,2.0,69.0,150.0,2.0,44.0,21.0,4.0,24.0
113.0,16.0,5.0,13.0,61.0,1.0,27.0,0.0,9.0,3.0,22.0,75.0,43.0,110.0,5.0,2.0,14.0,17.0,43.0,10.0,52.0,14.0,39.0,4.0,40.0,104.0,35.0,4.0,63.0,1.0,15.0,6.0,70.0,37.0,2.0,1.0,38.0,154.0,12.0,16.0,20.0,70.0,4.0,18.0,65.0,33.0,14.0,14.0,259.0,259.0,10.0,1.0,200.0,82.0,144.0,0.0,13.0,79.0,12.0,3.0,10.0,7.0,4.0,6.0,31.0,58.0,336.0,18.0,14.0,2.0,169.0,48.0,30.0,9.0,658.0,170.0,35.0,101.0,142.0,50.0,76.0,85.0,71.0,149.0,194.0,73.0,64.0,122.0,124.0,22.0,90.0,23.0,44.0,92.0,12.0,90.0,33.0,0.0,67.0,54.0,21.0,9.0,145.0,143.0,45.0,43.0,21.0,22.0,11.0,213.0,58.0,5.0,57.0,93.0,0.0,23.0,26.0,4.0,5.0
42.0,12.0,4.0,1.0,5.0,0.0,34.0,2.0,63.0,78.0,93.0,7.0,33.0,37.0,3.0,0.0,4.0,4.0,9.0,2.0,9.0,3.0,0.0,0.0,1.0,0.0,5.0,0.0,3.0,5.0,1.0,99.0,0.0,12.0,37.0,1.0,183.0,58.0,14.0,2.0,16.0,7.0,92.0,6.0,0.0,50.0,15.0,0.0,14.0,10.0,1028.0,19.0,1.0,0.0,26.0,36.0,1.0,1.0,3.0,27.0,35.0,3.0,1.0,8.0,36.0,83.0,103.0,8.0,6.0,97.0,2.0,589.0,1.0,0.0,15.0,4.0,0.0,19.0,11.0,13.0,8.0,11.0,10.0,22.0,13.0,7.0,9.0,5.0,30.0,7.0,14.0,0.0,8.0,4.0,0.0,2.0,10.0,0.0,15.0,24.0,1.0,22.0,16.0,31.0,5.0,7.0,10.0,3.0,9.0,44.0,5.0,3.0,6.0,3.0,4.0,0.0,0.0,5.0,3.0
21.0,4.0,3.0,0.0,4.0,0.0,10.0,1.0,22.0,1.0,5.0,2.0,1.0,11.0,0.0,0.0,2.0,0.0,2.0,0.0,2.0,2.0,1.0,0.0,0.0,0.0,0.0,0.0,0.0,3.0,2.0,8.0,1.0,2.0,25.0,0.0,73.0,6.0,4.0,0.0,3.0,1.0,5.0,5.0,0.0,23.0,2.0,0.0,0.0,3.0,39.0,57.0,1.0,0.0,5.0,7.0,0.0,0.0,0.0,9.0,15.0,1.0,1.0,1.0,35.0,5.0,9.0,3.0,2.0,3.0,0.0,164.0,0.0,0.0,5.0,2.0,0.0,1.0,0.0,6.0,1.0,1.0,1.0,10.0,9.0,7.0,1.0,2.0,5.0,2.0,3.0,0.0,1.0,6.0,0.0,1.0,0.0,0.0,2.0,2.0,0.0,0.0,2.0,6.0,2.0,1.0,3.0,0.0,1.0,8.0,2.0,0.0,0.0,1.0,0.0,3.0,2.0,1.0,1.0
64.0,5.0,4.0,13.0,14.0,1.0,5.0,1.0,4.0,0.0,6.0,63.0,27.0,64.0,0.0,0.0,1.0,5.0,16.0,4.0,9.0,7.0,11.0,0.0,2.0,33.0,0.0,0.0,12.0,0.0,9.0,7.0,13.0,11.0,2.0,0.0,11.0,48.0,2.0,3.0,5.0,39.0,2.0,1.0,20.0,9.0,2.0,4.0,149.0,91.0,4.0,1.0,71.0,22.0,59.0,2.0,9.0,25.0,3.0,0.0,1.0,2.0,0.0,0.0,3.0,21.0,87.0,3.0,10.0,0.0,42.0,27.0,4.0,8.0,388.0,77.0,24.0,28.0,40.0,15.0,13.0,32.0,21.0,39.0,95.0,25.0,9.0,28.0,70.0,20.0,38.0,12.0,10.0,41.0,6.0,16.0,14.0,0.0,25.0,25.0,5.0,3.0,61.0,53.0,10.0,24.0,3.0,14.0,2.0,164.0,10.0,2.0,19.0,22.0,1.0,3.0,6.0,4.0,2.0
55.0,1.0,0.0,1.0,4.0,0.0,15.0,0.0,1.0,0.0,5.0,18.0,4.0,19.0,0.0,0.0,2.0,5.0,16.0,2.0,7.0,3.0,16.0,2.0,20.0,24.0,5.0,0.0,11.0,0.0,5.0,2.0,24.0,12.0,3.0,0.0,14.0,22.0,1.0,6.0,5.0,31.0,0.0,5.0,7.0,9.0,2.0,5.0,39.0,98.0,1.0,0.0,39.0,13.0,24.0,0.0,7.0,7.0,5.0,0.0,3.0,0.0,0.0,1.0,1.0,9.0,58.0,3.0,2.0,0.0,17.0,16.0,5.0,6.0,225.0,27.0,13.0,27.0,38.0,16.0,56.0,37.0,28.0,26.0,65.0,21.0,39.0,18.0,37.0,6.0,49.0,6.0,13.0,7.0,1.0,34.0,4.0,0.0,8.0,6.0,2.0,3.0,33.0,27.0,9.0,22.0,0.0,1.0,0.0,99.0,26.0,0.0,15.0,39.0,0.0,6.0,7.0,1.0,3.0
808.0,133.0,48.0,420.0,579.0,21.0,202.0,16.0,118.0,8.0,259.0,200.0,236.0,361.0,55.0,12.0,182.0,223.0,713.0,167.0,607.0,248.0,206.0,70.0,301.0,967.0,278.0,2.0,252.0,34.0,146.0,207.0,331.0,488.0,62.0,4.0,875.0,584.0,113.0,321.0,342.0,418.0,103.0,329.0,746.0,353.0,50.0,183.0,482.0,488.0,224.0,38.0,185.0,14.0,1982.0,75.0,89.0,573.0,45.0,26.0,62.0,78.0,47.0,29.0,392.0,294.0,1436.0,189.0,376.0,55.0,226.0,990.0,92.0,39.0,1499.0,762.0,109.0,524.0,610.0,312.0,411.0,1046.0,424.0,753.0,683.0,259.0,356.0,423.0,598.0,73.0,494.0,65.0,156.0,761.0,35.0,476.0,313.0,0.0,714.0,527.0,249.0,68.0,385.0,709.0,455.0,483.0,219.0,108.0,81.0,813.0,402.0,31.0,284.0,416.0,37.0,101.0,289.0,33.0,64.0
25.0,16.0,4.0,2.0,12.0,0.0,20.0,5.0,13.0,4.0,24.0,4.0,9.0,5.0,4.0,2.0,3.0,2.0,4.0,1.0,5.0,1.0,1.0,0.0,3.0,1.0,1.0,0.0,0.0,1.0,2.0,41.0,2.0,5.0,5.0,0.0,76.0,25.0,23.0,8.0,5.0,6.0,44.0,12.0,1.0,37.0,10.0,7.0,2.0,2.0,71.0,5.0,2.0,1.0,13.0,24.0,0.0,2.0,0.0,45.0,20.0,0.0,0.0,7.0,24.0,46.0,24.0,23.0,8.0,26.0,2.0,196.0,3.0,0.0,14.0,2.0,1.0,4.0,2.0,13.0,2.0,6.0,3.0,4.0,4.0,2.0,1.0,5.0,7.0,4.0,4.0,0.0,0.0,17.0,0.0,3.0,5.0,0.0,3.0,7.0,1.0,3.0,4.0,5.0,3.0,5.0,26.0,1.0,7.0,8.0,1.0,3.0,2.0,3.0,8.0,1.0,1.0,2.0,0.0
398.0,3.0,0.0,17.0,20.0,0.0,19.0,1.0,4.0,0.0,42.0,238.0,13.0,98.0,0.0,1.0,5.0,19.0,41.0,8.0,18.0,11.0,5.0,0.0,8.0,8.0,5.0,0.0,7.0,1.0,4.0,16.0,10.0,11.0,1.0,0.0,26.0,44.0,10.0,7.0,10.0,30.0,4.0,3.0,7.0,18.0,13.0,87.0,45.0,22.0,6.0,0.0,21.0,11.0,27.0,1.0,44.0,8.0,13.0,13.0,5.0,0.0,2.0,10.0,6.0,15.0,98.0,22.0,25.0,0.0,63.0,34.0,10.0,0.0,292.0,14.0,11.0,30.0,35.0,19.0,33.0,15.0,30.0,39.0,50.0,16.0,36.0,14.0,38.0,11.0,20.0,10.0,13.0,42.0,2.0,17.0,15.0,0.0,41.0,66.0,10.0,16.0,47.0,43.0,22.0,11.0,7.0,42.0,4.0,76.0,13.0,0.0,21.0,22.0,1.0,13.0,5.0,2.0,6.0
47.0,18.0,9.0,88.0,65.0,0.0,7.0,0.0,12.0,0.0,17.0,18.0,33.0,27.0,4.0,1.0,20.0,20.0,95.0,8.0,32.0,17.0,16.0,5.0,34.0,63.0,21.0,0.0,11.0,3.0,7.0,13.0,38.0,48.0,8.0,1.0,42.0,55.0,19.0,20.0,19.0,24.0,10.0,58.0,29.0,19.0,5.0,22.0,37.0,46.0,21.0,5.0,20.0,6.0,302.0,5.0,13.0,329.0,6.0,0.0,8.0,11.0,2.0,0.0,23.0,47.0,374.0,19.0,37.0,4.0,35.0,117.0,17.0,2.0,267.0,212.0,10.0,31.0,51.0,13.0,37.0,105.0,48.0,54.0,51.0,41.0,42.0,26.0,64.0,7.0,26.0,5.0,9.0,242.0,1.0,41.0,30.0,0.0,81.0,37.0,27.0,8.0,19.0,52.0,56.0,39.0,42.0,1.0,11.0,65.0,26.0,4.0,54.0,66.0,5.0,22.0,17.0,8.0,7.0
13.0,0.0,1.0,3.0,2.0,0.0,7.0,0.0,0.0,0.0,6.0,5.0,10.0,7.0,1.0,0.0,1.0,1.0,4.0,0.0,3.0,1.0,4.0,0.0,1.0,9.0,0.0,0.0,22.0,0.0,1.0,0.0,11.0,3.0,0.0,0.0,8.0,9.0,4.0,0.0,3.0,15.0,1.0,2.0,1.0,7.0,3.0,0.0,19.0,3.0,0.0,0.0,3.0,3.0,13.0,0.0,2.0,2.0,30.0,0.0,0.0,0.0,0.0,0.0,4.0,6.0,65.0,0.0,1.0,0.0,4.0,10.0,25.0,1.0,94.0,21.0,5.0,17.0,15.0,5.0,7.0,2.0,21.0,24.0,21.0,27.0,13.0,5.0,24.0,0.0,12.0,3.0,8.0,1.0,4.0,6.0,0.0,0.0,5.0,11.0,16.0,1.0,6.0,22.0,1.0,60.0,2.0,2.0,2.0,23.0,4.0,1.0,16.0,35.0,0.0,2.0,4.0,0.0,0.0
88.0,22.0,7.0,4.0,11.0,0.0,56.0,17.0,76.0,8.0,95.0,19.0,18.0,97.0,3.0,4.0,2.0,5.0,11.0,4.0,4.0,4.0,1.0,2.0,3.0,1.0,4.0,0.0,4.0,17.0,5.0,158.0,9.0,3.0,41.0,1.0,240.0,57.0,59.0,5.0,10.0,25.0,224.0,19.0,0.0,81.0,35.0,10.0,13.0,4.0,154.0,19.0,2.0,1.0,33.0,129.0,5.0,0.0,0.0,47.0,68.0,1.0,0.0,11.0,31.0,79.0,74.0,61.0,3.0,73.0,8.0,608.0,1.0,6.0,58.0,14.0,4.0,57.0,58.0,15.0,3.0,3.0,24.0,50.0,44.0,14.0,8.0,3.0,42.0,4.0,37.0,2.0,6.0,10.0,2.0,7.0,11.0,0.0,9.0,24.0,1.0,25.0,64.0,51.0,2.0,3.0,35.0,5.0,11.0,96.0,1.0,1.0,16.0,4.0,2.0,1.0,5.0,5.0,3.0
32.0,9.0,14.0,1.0,11.0,0.0,15.0,52.0,113.0,3.0,10.0,10.0,17.0,34.0,2.0,0.0,2.0,2.0,17.0,0.0,3.0,3.0,0.0,0.0,4.0,2.0,0.0,0.0,3.0,0.0,0.0,16.0,2.0,5.0,27.0,0.0,335.0,28.0,14.0,3.0,13.0,3.0,24.0,4.0,2.0,80.0,3.0,2.0,5.0,4.0,68.0,24.0,4.0,0.0,26.0,22.0,5.0,3.0,0.0,8.0,366.0,4.0,0.0,3.0,93.0,26.0,75.0,6.0,2.0,13.0,11.0,417.0,0.0,0.0,19.0,4.0,1.0,9.0,21.0,5.0,0.0,7.0,25.0,25.0,14.0,5.0,12.0,1.0,24.0,8.0,10.0,1.0,5.0,5.0,0.0,4.0,1.0,1.0,17.0,12.0,1.0,1.0,20.0,25.0,3.0,4.0,19.0,6.0,3.0,23.0,5.0,4.0,4.0,2.0,0.0,1.0,3.0,2.0,0.0
9.0,2.0,2.0,2.0,19.0,0.0,1.0,0.0,3.0,1.0,17.0,0.0,9.0,5.0,0.0,0.0,2.0,16.0,45.0,10.0,10.0,13.0,4.0,1.0,23.0,1.0,20.0,2.0,1.0,1.0,7.0,3.0,5.0,37.0,6.0,0.0,3.0,29.0,5.0,8.0,20.0,5.0,5.0,1.0,1.0,8.0,3.0,0.0,7.0,4.0,2.0,0.0,0.0,1.0,8.0,1.0,0.0,11.0,1.0,2.0,1.0,37.0,15.0,11.0,12.0,11.0,116.0,2.0,0.0,0.0,4.0,9.0,1.0,3.0,22.0,15.0,7.0,26.0,18.0,23.0,10.0,2.0,10.0,28.0,8.0,12.0,16.0,0.0,10.0,0.0,10.0,0.0,9.0,2.0,1.0,11.0,5.0,0.0,91.0,203.0,0.0,12.0,5.0,16.0,13.0,13.0,1.0,8.0,0.0,6.0,87.0,0.0,10.0,9.0,0.0,8.0,10.0,2.0,74.0
0.0,2.0,0.0,1.0,12.0,0.0,0.0,0.0,0.0,0.0,2.0,0.0,1.0,2.0,1.0,0.0,1.0,11.0,14.0,4.0,8.0,13.0,5.0,0.0,15.0,3.0,13.0,0.0,2.0,0.0,4.0,1.0,0.0,19.0,0.0,0.0,1.0,7.0,0.0,15.0,5.0,2.0,1.0,1.0,0.0,2.0,0.0,0.0,1.0,0.0,0.0,0.0,0.0,0.0,4.0,1.0,1.0,0.0,0.0,0.0,5.0,22.0,28.0,2.0,4.0,8.0,78.0,1.0,0.0,0.0,0.0,1.0,0.0,0.0,11.0,9.0,0.0,9.0,10.0,11.0,5.0,0.0,7.0,5.0,4.0,6.0,10.0,1.0,6.0,0.0,5.0,1.0,5.0,3.0,0.0,7.0,1.0,0.0,38.0,60.0,0.0,3.0,0.0,7.0,8.0,7.0,4.0,0.0,1.0,4.0,66.0,0.0,9.0,0.0,0.0,6.0,6.0,0.0,25.0
392.0,37.0,19.0,37.0,66.0,2.0,158.0,5.0,84.0,9.0,1269.0,107.0,51.0,100.0,22.0,3.0,34.0,15.0,51.0,9.0,16.0,9.0,17.0,1.0,19.0,8.0,9.0,2.0,17.0,21.0,12.0,314.0,42.0,55.0,16.0,1.0,166.0,201.0,335.0,13.0,28.0,72.0,172.0,75.0,23.0,83.0,35.0,58.0,56.0,24.0,113.0,20.0,16.0,4.0,41.0,48.0,15.0,9.0,12.0,36.0,64.0,10.0,1.0,65.0,33.0,221.0,177.0,158.0,66.0,27.0,78.0,342.0,7.0,5.0,302.0,54.0,33.0,101.0,102.0,116.0,29.0,26.0,85.0,111.0,95.0,45.0,40.0,12.0,74.0,15.0,60.0,14.0,22.0,20.0,2.0,54.0,86.0,13.0,79.0,101.0,8.0,88.0,114.0,131.0,30.0,55.0,79.0,18.0,11.0,223.0,22.0,11.0,37.0,35.0,15.0,9.0,30.0,8.0,10.0
26.0,6.0,0.0,7.0,3.0,1.0,30.0,5.0,16.0,0.0,5.0,13.0,26.0,24.0,5.0,1.0,2.0,0.0,4.0,0.0,3.0,3.0,0.0,2.0,2.0,0.0,2.0,0.0,2.0,2.0,0.0,6.0,1.0,3.0,3.0,0.0,228.0,36.0,5.0,2.0,93.0,1.0,4.0,3.0,5.0,38.0,1.0,4.0,3.0,1.0,25.0,5.0,2.0,2.0,68.0,4.0,1.0,4.0,3.0,3.0,31.0,2.0,0.0,3.0,451.0,6.0,147.0,3.0,4.0,4.0,1.0,192.0,1.0,0.0,15.0,4.0,1.0,5.0,7.0,2.0,6.0,4.0,1.0,12.0,10.0,7.0,4.0,3.0,11.0,0.0,0.0,0.0,2.0,13.0,0.0,6.0,6.0,0.0,7.0,11.0,1.0,8.0,3.0,6.0,8.0,3.0,5.0,7.0,2.0,21.0,3.0,1.0,3.0,5.0,5.0,2.0,6.0,4.0,3.0
510.0,832.0,247.0,229.0,808.0,15.0,121.0,9.0,129.0,52.0,1186.0,174.0,619.0,294.0,580.0,89.0,242.0,142.0,399.0,172.0,321.0,62.0,30.0,19.0,183.0,83.0,139.0,0.0,51.0,42.0,86.0,452.0,131.0,287.0,43.0,27.0,524.0,3013.0,328.0,307.0,95.0,166.0,216.0,382.0,45.0,157.0,76.0,74.0,148.0,110.0,303.0,37.0,46.0,4.0,200.0,70.0,30.0,91.0,26.0,67.0,129.0,26.0,9.0,73.0,95.0,5049.0,1241.0,275.0,125.0,62.0,167.0,891.0,28.0,21.0,771.0,134.0,81.0,358.0,274.0,323.0,124.0,150.0,217.0,469.0,247.0,120.0,201.0,97.0,331.0,17.0,200.0,44.0,113.0,152.0,2.0,232.0,297.0,18.0,452.0,598.0,108.0,1407.0,202.0,550.0,179.0,225.0,1946.0,29.0,543.0,382.0,123.0,223.0,126.0,122.0,256.0,67.0,238.0,82.0,37.0
2302.0,850.0,190.0,1051.0,3132.0,56.0,484.0,51.0,348.0,67.0,854.0,473.0,1567.0,1005.0,537.0,134.0,1263.0,1187.0,2660.0,1643.0,1908.0,528.0,559.0,434.0,506.0,406.0,1357.0,6.0,939.0,76.0,684.0,795.0,660.0,1511.0,169.0,14.0,1795.0,2521.0,438.0,1479.0,1209.0,614.0,321.0,1355.0,352.0,723.0,170.0,520.0,1298.0,845.0,563.0,93.0,366.0,134.0,2413.0,180.0,270.0,739.0,237.0,89.0,280.0,571.0,692.0,61.0,676.0,1334.0,13469.0,561.0,1147.0,149.0,803.0,2457.0,311.0,31.0,2806.0,3635.0,323.0,1099.0,1227.0,533.0,459.0,588.0,985.0,1494.0,1596.0,677.0,742.0,807.0,1053.0,153.0,973.0,112.0,267.0,810.0,115.0,516.0,1504.0,5.0,1898.0,1646.0,624.0,322.0,808.0,1306.0,1383.0,1192.0,1429.0,326.0,805.0,1601.0,869.0,158.0,595.0,566.0,123.0,370.0,1495.0,353.0,477.0
419.0,33.0,8.0,12.0,36.0,0.0,257.0,5.0,31.0,8.0,142.0,180.0,31.0,63.0,13.0,9.0,14.0,15.0,75.0,21.0,38.0,20.0,6.0,3.0,14.0,5.0,12.0,0.0,21.0,15.0,26.0,247.0,54.0,48.0,24.0,0.0,168.0,100.0,122.0,17.0,51.0,32.0,116.0,328.0,15.0,114.0,148.0,45.0,52.0,21.0,106.0,15.0,9.0,2.0,93.0,69.0,15.0,12.0,5.0,50.0,7.0,5.0,1.0,38.0,61.0,152.0,257.0,291.0,64.0,25.0,80.0,373.0,9.0,5.0,283.0,22.0,12.0,55.0,53.0,32.0,25.0,15.0,100.0,65.0,48.0,24.0,30.0,17.0,48.0,9.0,23.0,10.0,18.0,124.0,4.0,49.0,20.0,11.0,73.0,72.0,24.0,29.0,67.0,70.0,17.0,22.0,61.0,22.0,22.0,134.0,23.0,2.0,33.0,41.0,9.0,19.0,16.0,3.0,18.0
147.0,5.0,2.0,70.0,12.0,0.0,42.0,2.0,7.0,2.0,21.0,12.0,17.0,35.0,0.0,0.0,4.0,3.0,13.0,2.0,9.0,4.0,3.0,1.0,4.0,4.0,1.0,0.0,6.0,3.0,6.0,14.0,3.0,5.0,4.0,0.0,63.0,122.0,22.0,4.0,41.0,3.0,10.0,41.0,8.0,42.0,5.0,79.0,45.0,9.0,6.0,1.0,8.0,1.0,79.0,3.0,40.0,6.0,1.0,3.0,7.0,0.0,0.0,5.0,16.0,23.0,143.0,41.0,126.0,5.0,7.0,102.0,5.0,0.0,43.0,20.0,5.0,7.0,12.0,24.0,8.0,17.0,9.0,16.0,7.0,5.0,2.0,3.0,10.0,11.0,2.0,2.0,4.0,103.0,1.0,2.0,27.0,3.0,14.0,13.0,0.0,5.0,14.0,11.0,17.0,13.0,3.0,38.0,2.0,36.0,7.0,1.0,3.0,2.0,0.0,0.0,17.0,1.0,3.0
23.0,1.0,1.0,1.0,8.0,0.0,11.0,0.0,13.0,8.0,16.0,3.0,6.0,10.0,2.0,1.0,5.0,4.0,9.0,1.0,7.0,2.0,2.0,3.0,5.0,3.0,1.0,0.0,5.0,2.0,0.0,13.0,4.0,5.0,4.0,0.0,55.0,20.0,9.0,3.0,4.0,4.0,24.0,4.0,2.0,30.0,8.0,5.0,7.0,3.0,179.0,6.0,3.0,0.0,13.0,21.0,0.0,0.0,0.0,15.0,16.0,2.0,0.0,2.0,13.0,14.0,24.0,7.0,8.0,51.0,1.0,173.0,1.0,0.0,15.0,5.0,1.0,6.0,6.0,5.0,1.0,6.0,0.0,19.0,5.0,3.0,4.0,3.0,17.0,0.0,7.0,0.0,2.0,10.0,0.0,5.0,0.0,0.0,9.0,10.0,2.0,4.0,2.0,6.0,4.0,1.0,7.0,0.0,5.0,36.0,4.0,0.0,1.0,1.0,2.0,2.0,1.0,3.0,0.0
57.0,3.0,3.0,5.0,30.0,0.0,17.0,0.0,2.0,1.0,66.0,153.0,21.0,116.0,0.0,0.0,9.0,11.0,41.0,4.0,8.0,10.0,2.0,5.0,15.0,10.0,9.0,0.0,5.0,2.0,7.0,11.0,15.0,14.0,1.0,0.0,39.0,42.0,9.0,7.0,8.0,35.0,6.0,7.0,13.0,23.0,10.0,17.0,108.0,66.0,5.0,2.0,27.0,4.0,54.0,8.0,12.0,14.0,12.0,8.0,4.0,4.0,0.0,6.0,12.0,50.0,190.0,7.0,2.0,4.0,431.0,127.0,15.0,0.0,336.0,79.0,6.0,45.0,55.0,13.0,26.0,19.0,48.0,65.0,90.0,32.0,27.0,15.0,75.0,60.0,38.0,7.0,16.0,23.0,9.0,20.0,6.0,0.0,28.0,59.0,10.0,8.0,73.0,85.0,25.0,16.0,8.0,21.0,0.0,308.0,21.0,1.0,29.0,36.0,0.0,18.0,3.0,6.0,1.0
647.0,79.0,25.0,83.0,84.0,0.0,587.0,119.0,1007.0,120.0,439.0,80.0,136.0,609.0,37.0,18.0,47.0,58.0,162.0,21.0,47.0,50.0,15.0,20.0,55.0,24.0,30.0,2.0,44.0,94.0,39.0,310.0,43.0,109.0,452.0,3.0,3440.0,282.0,147.0,41.0,184.0,108.0,417.0,90.0,33.0,1321.0,73.0,87.0,96.0,60.0,1369.0,278.0,30.0,10.0,365.0,332.0,34.0,34.0,16.0,208.0,735.0,15.0,11.0,53.0,811.0,400.0,904.0,146.0,132.0,263.0,65.0,6591.0,23.0,14.0,357.0,72.0,32.0,218.0,222.0,84.0,58.0,81.0,102.0,253.0,205.0,89.0,99.0,48.0,356.0,84.0,204.0,38.0,100.0,183.0,14.0,57.0,58.0,1.0,210.0,270.0,20.0,88.0,390.0,451.0,84.0,43.0,134.0,30.0,54.0,771.0,52.0,15.0,138.0,75.0,16.0,45.0,43.0,17.0,21.0
64.0,5.0,4.0,5.0,18.0,0.0,6.0,0.0,5.0,0.0,5.0,29.0,19.0,27.0,1.0,1.0,2.0,12.0,37.0,8.0,8.0,10.0,11.0,3.0,76.0,28.0,5.0,0.0,38.0,1.0,11.0,2.0,121.0,18.0,1.0,0.0,12.0,76.0,3.0,3.0,11.0,45.0,3.0,3.0,10.0,5.0,6.0,9.0,81.0,21.0,10.0,1.0,10.0,5.0,42.0,0.0,4.0,14.0,22.0,0.0,2.0,2.0,2.0,1.0,7.0,9.0,129.0,3.0,3.0,0.0,46.0,25.0,52.0,2.0,433.0,69.0,18.0,67.0,73.0,18.0,61.0,18.0,125.0,109.0,111.0,122.0,47.0,38.0,91.0,11.0,62.0,6.0,33.0,17.0,7.0,59.0,17.0,0.0,37.0,31.0,20.0,6.0,35.0,74.0,13.0,37.0,1.0,9.0,0.0,135.0,26.0,0.0,77.0,147.0,0.0,62.0,3.0,3.0,2.0
1.0,0.0,0.0,0.0,1.0,0.0,0.0,0.0,0.0,0.0,0.0,0.0,6.0,0.0,0.0,0.0,0.0,1.0,5.0,0.0,1.0,0.0,0.0,0.0,0.0,0.0,0.0,0.0,0.0,0.0,1.0,0.0,2.0,0.0,0.0,0.0,0.0,2.0,0.0,0.0,0.0,1.0,0.0,0.0,0.0,0.0,1.0,0.0,1.0,0.0,0.0,0.0,1.0,0.0,7.0,0.0,0.0,0.0,0.0,0.0,0.0,0.0,0.0,0.0,0.0,1.0,2.0,0.0,1.0,0.0,0.0,1.0,0.0,9.0,18.0,0.0,0.0,2.0,2.0,0.0,1.0,0.0,0.0,2.0,4.0,1.0,0.0,0.0,9.0,0.0,6.0,1.0,9.0,3.0,0.0,0.0,0.0,0.0,1.0,1.0,0.0,0.0,1.0,6.0,0.0,0.0,0.0,0.0,0.0,4.0,0.0,1.0,0.0,1.0,0.0,0.0,0.0,1.0,0.0
1291.0,74.0,23.0,114.0,340.0,6.0,197.0,7.0,60.0,8.0,383.0,976.0,314.0,1007.0,32.0,22.0,61.0,169.0,464.0,73.0,216.0,167.0,144.0,42.0,256.0,281.0,121.0,1.0,297.0,8.0,119.0,176.0,494.0,295.0,24.0,7.0,243.0,877.0,159.0,96.0,114.0,914.0,45.0,66.0,246.0,154.0,117.0,231.0,1926.0,707.0,75.0,9.0,469.0,170.0,696.0,28.0,199.0,194.0,204.0,53.0,33.0,68.0,13.0,76.0,100.0,428.0,1549.0,200.0,102.0,17.0,1072.0,657.0,310.0,92.0,10188.0,798.0,612.0,655.0,919.0,303.0,480.0,319.0,677.0,1094.0,1922.0,655.0,535.0,525.0,1484.0,320.0,632.0,338.0,372.0,245.0,119.0,517.0,160.0,10.0,746.0,930.0,252.0,121.0,1045.0,1384.0,255.0,478.0,96.0,158.0,71.0,2937.0,278.0,9.0,693.0,1064.0,12.0,158.0,88.0,39.0,73.0
300.0,65.0,24.0,91.0,217.0,3.0,47.0,3.0,31.0,0.0,186.0,150.0,194.0,303.0,25.0,10.0,48.0,126.0,313.0,60.0,144.0,128.0,270.0,23.0,55.0,130.0,167.0,7.0,662.0,4.0,191.0,101.0,190.0,260.0,17.0,6.0,178.0,538.0,71.0,97.0,136.0,270.0,36.0,60.0,391.0,50.0,25.0,41.0,376.0,420.0,31.0,4.0,125.0,27.0,903.0,8.0,37.0,311.0,101.0,11.0,29.0,39.0,37.0,23.0,57.0,172.0,1421.0,41.0,121.0,10.0,289.0,287.0,129.0,19.0,1238.0,1376.0,108.0,428.0,534.0,265.0,228.0,283.0,514.0,675.0,510.0,194.0,427.0,560.0,416.0,35.0,356.0,55.0,127.0,179.0,62.0,110.0,114.0,2.0,365.0,363.0,229.0,69.0,271.0,498.0,285.0,435.0,119.0,48.0,45.0,462.0,132.0,8.0,316.0,210.0,21.0,83.0,420.0,37.0,85.0
42.0,2.0,3.0,3.0,16.0,0.0,7.0,1.0,7.0,0.0,5.0,20.0,9.0,58.0,9.0,0.0,3.0,8.0,30.0,1.0,7.0,8.0,13.0,6.0,3.0,1.0,4.0,0.0,8.0,0.0,2.0,5.0,14.0,15.0,2.0,0.0,8.0,21.0,0.0,1.0,3.0,30.0,2.0,0.0,6.0,16.0,8.0,4.0,44.0,31.0,13.0,0.0,30.0,9.0,19.0,1.0,3.0,2.0,4.0,0.0,3.0,2.0,0.0,2.0,5.0,25.0,46.0,14.0,2.0,1.0,26.0,39.0,14.0,2.0,245.0,13.0,68.0,35.0,36.0,4.0,16.0,3.0,20.0,46.0,42.0,12.0,20.0,8.0,27.0,11.0,12.0,35.0,6.0,15.0,8.0,14.0,0.0,0.0,38.0,80.0,9.0,0.0,55.0,30.0,3.0,6.0,15.0,5.0,1.0,117.0,17.0,7.0,7.0,19.0,0.0,12.0,4.0,0.0,3.0
10.0,21.0,0.0,0.0,3.0,0.0,4.0,1.0,3.0,0.0,3.0,2.0,39.0,5.0,6.0,0.0,4.0,2.0,6.0,0.0,6.0,6.0,1.0,1.0,13.0,1.0,2.0,0.0,15.0,1.0,5.0,0.0,2.0,4.0,2.0,0.0,2.0,31.0,9.0,3.0,4.0,13.0,1.0,2.0,1.0,6.0,2.0,0.0,12.0,2.0,5.0,1.0,2.0,1.0,41.0,0.0,2.0,1.0,4.0,5.0,2.0,4.0,0.0,4.0,2.0,21.0,71.0,10.0,3.0,3.0,6.0,33.0,3.0,1.0,66.0,34.0,5.0,175.0,33.0,6.0,16.0,3.0,8.0,56.0,26.0,12.0,9.0,10.0,153.0,2.0,37.0,1.0,9.0,8.0,1.0,16.0,3.0,0.0,21.0,17.0,4.0,10.0,12.0,71.0,11.0,8.0,2.0,1.0,3.0,27.0,11.0,2.0,51.0,16.0,0.0,7.0,0.0,2.0,7.0
20.0,6.0,2.0,3.0,19.0,1.0,11.0,4.0,3.0,0.0,10.0,4.0,44.0,11.0,2.0,3.0,10.0,11.0,28.0,0.0,9.0,5.0,3.0,4.0,10.0,7.0,4.0,0.0,12.0,0.0,13.0,9.0,10.0,17.0,2.0,2.0,12.0,38.0,10.0,2.0,6.0,71.0,7.0,2.0,9.0,22.0,4.0,2.0,21.0,12.0,9.0,1.0,7.0,7.0,46.0,1.0,2.0,3.0,3.0,10.0,10.0,9.0,1.0,1.0,6.0,50.0,121.0,3.0,3.0,3.0,12.0,40.0,11.0,21.0,155.0,40.0,6.0,66.0,327.0,15.0,14.0,4.0,33.0,74.0,86.0,20.0,13.0,16.0,289.0,4.0,85.0,1.0,93.0,11.0,3.0,12.0,4.0,0.0,30.0,57.0,10.0,0.0,14.0,98.0,14.0,10.0,6.0,5.0,8.0,70.0,7.0,4.0,97.0,28.0,1.0,8.0,3.0,5.0,3.0
329.0,194.0,64.0,253.0,211.0,3.0,46.0,3.0,44.0,7.0,372.0,51.0,265.0,234.0,99.0,15.0,124.0,50.0,160.0,55.0,146.0,32.0,90.0,27.0,34.0,31.0,87.0,3.0,91.0,10.0,57.0,196.0,45.0,99.0,13.0,6.0,256.0,488.0,90.0,114.0,126.0,99.0,79.0,136.0,215.0,100.0,19.0,66.0,170.0,95.0,114.0,14.0,45.0,9.0,498.0,17.0,43.0,66.0,17.0,18.0,29.0,28.0,8.0,17.0,138.0,523.0,525.0,110.0,155.0,15.0,79.0,238.0,23.0,3.0,418.0,219.0,36.0,160.0,148.0,437.0,61.0,101.0,111.0,216.0,210.0,42.0,95.0,142.0,188.0,10.0,98.0,16.0,44.0,137.0,13.0,67.0,587.0,2.0,174.0,178.0,117.0,82.0,101.0,183.0,171.0,187.0,358.0,40.0,122.0,173.0,66.0,23.0,71.0,48.0,43.0,38.0,103.0,52.0,40.0
17.0,3.0,3.0,5.0,10.0,0.0,3.0,0.0,9.0,0.0,8.0,5.0,62.0,10.0,0.0,3.0,4.0,10.0,15.0,3.0,6.0,7.0,5.0,6.0,32.0,26.0,7.0,1.0,16.0,2.0,22.0,4.0,31.0,6.0,1.0,0.0,7.0,168.0,15.0,2.0,16.0,11.0,3.0,13.0,4.0,11.0,1.0,0.0,22.0,15.0,0.0,0.0,5.0,10.0,49.0,1.0,1.0,9.0,5.0,1.0,3.0,7.0,1.0,1.0,1.0,40.0,134.0,8.0,5.0,3.0,7.0,19.0,13.0,0.0,117.0,53.0,13.0,100.0,30.0,41.0,347.0,15.0,260.0,537.0,14.0,9.0,622.0,9.0,61.0,2.0,38.0,0.0,3.0,29.0,2.0,159.0,5.0,0.0,76.0,57.0,4.0,17.0,4.0,42.0,38.0,16.0,5.0,0.0,8.0,33.0,14.0,0.0,83.0,34.0,0.0,23.0,23.0,4.0,11.0
352.0,127.0,45.0,380.0,88.0,10.0,91.0,3.0,76.0,11.0,153.0,43.0,90.0,87.0,69.0,9.0,22.0,21.0,61.0,19.0,48.0,17.0,20.0,12.0,33.0,140.0,22.0,1.0,31.0,9.0,22.0,92.0,44.0,33.0,45.0,3.0,399.0,105.0,70.0,39.0,67.0,38.0,80.0,201.0,38.0,190.0,23.0,101.0,126.0,94.0,91.0,25.0,66.0,8.0,517.0,31.0,35.0,246.0,11.0,8.0,47.0,10.0,9.0,5.0,149.0,232.0,301.0,63.0,175.0,27.0,74.0,426.0,15.0,5.0,301.0,143.0,30.0,31.0,61.0,39.0,34.0,128.0,59.0,44.0,65.0,40.0,48.0,38.0,65.0,9.0,23.0,13.0,22.0,242.0,0.0,61.0,78.0,1.0,58.0,40.0,10.0,30.0,80.0,64.0,177.0,42.0,223.0,81.0,82.0,119.0,49.0,15.0,53.0,72.0,41.0,15.0,28.0,10.0,5.0
5.0,0.0,2.0,0.0,6.0,0.0,4.0,0.0,2.0,2.0,5.0,5.0,31.0,25.0,1.0,1.0,0.0,2.0,9.0,0.0,5.0,1.0,3.0,1.0,8.0,5.0,4.0,0.0,44.0,0.0,14.0,4.0,7.0,15.0,1.0,0.0,6.0,34.0,11.0,3.0,1.0,17.0,0.0,1.0,2.0,7.0,4.0,3.0,32.0,7.0,2.0,0.0,5.0,5.0,28.0,2.0,1.0,6.0,1.0,2.0,4.0,2.0,0.0,3.0,0.0,19.0,117.0,6.0,0.0,2.0,12.0,21.0,11.0,0.0,110.0,81.0,1.0,27.0,23.0,7.0,160.0,6.0,171.0,176.0,14.0,3.0,229.0,5.0,67.0,0.0,13.0,3.0,3.0,7.0,3.0,45.0,1.0,0.0,30.0,24.0,11.0,2.0,5.0,20.0,9.0,9.0,4.0,3.0,2.0,30.0,12.0,0.0,77.0,32.0,0.0,2.0,7.0,5.0,7.0
23.0,8.0,0.0,1.0,23.0,2.0,19.0,1.0,10.0,0.0,12.0,3.0,77.0,10.0,5.0,3.0,3.0,9.0,11.0,4.0,10.0,3.0,2.0,4.0,30.0,5.0,11.0,0.0,21.0,1.0,23.0,0.0,9.0,13.0,2.0,0.0,5.0,56.0,15.0,2.0,5.0,14.0,1.0,0.0,16.0,11.0,2.0,5.0,28.0,23.0,2.0,7.0,6.0,6.0,69.0,1.0,4.0,3.0,4.0,7.0,8.0,3.0,1.0,7.0,0.0,40.0,216.0,9.0,3.0,0.0,13.0,62.0,13.0,1.0,136.0,67.0,4.0,118.0,39.0,28.0,122.0,4.0,68.0,650.0,24.0,13.0,181.0,16.0,175.0,2.0,120.0,3.0,8.0,6.0,2.0,53.0,3.0,0.0,48.0,38.0,4.0,11.0,19.0,82.0,21.0,6.0,11.0,4.0,9.0,49.0,22.0,0.0,61.0,24.0,1.0,10.0,7.0,13.0,10.0
46.0,13.0,0.0,12.0,20.0,2.0,12.0,2.0,5.0,1.0,58.0,22.0,54.0,58.0,6.0,4.0,11.0,11.0,48.0,2.0,17.0,15.0,5.0,3.0,16.0,8.0,9.0,0.0,15.0,3.0,13.0,9.0,32.0,7.0,4.0,0.0,33.0,47.0,10.0,6.0,6.0,211.0,6.0,8.0,14.0,19.0,13.0,6.0,40.0,39.0,8.0,2.0,15.0,15.0,67.0,5.0,8.0,3.0,16.0,5.0,5.0,7.0,1.0,7.0,20.0,31.0,173.0,8.0,2.0,6.0,47.0,103.0,14.0,8.0,399.0,69.0,17.0,143.0,146.0,17.0,29.0,4.0,51.0,116.0,467.0,26.0,43.0,40.0,318.0,7.0,71.0,11.0,44.0,14.0,8.0,44.0,4.0,0.0,50.0,78.0,6.0,13.0,39.0,268.0,21.0,18.0,14.0,9.0,8.0,209.0,21.0,3.0,101.0,44.0,0.0,29.0,3.0,3.0,6.0
14.0,4.0,0.0,4.0,7.0,0.0,2.0,0.0,3.0,0.0,5.0,3.0,20.0,9.0,0.0,0.0,4.0,7.0,14.0,2.0,8.0,2.0,0.0,8.0,15.0,7.0,2.0,0.0,4.0,0.0,8.0,1.0,24.0,14.0,2.0,0.0,8.0,13.0,3.0,2.0,0.0,10.0,1.0,1.0,3.0,10.0,3.0,2.0,19.0,13.0,0.0,2.0,6.0,3.0,30.0,1.0,2.0,3.0,4.0,1.0,0.0,4.0,4.0,0.0,3.0,20.0,47.0,5.0,1.0,3.0,10.0,28.0,10.0,4.0,125.0,14.0,2.0,37.0,39.0,5.0,7.0,6.0,13.0,29.0,40.0,103.0,12.0,8.0,52.0,3.0,9.0,3.0,15.0,5.0,0.0,18.0,1.0,0.0,37.0,95.0,5.0,4.0,16.0,37.0,11.0,21.0,5.0,4.0,1.0,32.0,24.0,1.0,69.0,47.0,1.0,24.0,4.0,5.0,15.0
21.0,10.0,0.0,2.0,17.0,1.0,2.0,0.0,7.0,0.0,10.0,6.0,61.0,12.0,0.0,2.0,18.0,4.0,48.0,8.0,9.0,15.0,5.0,9.0,58.0,13.0,6.0,1.0,39.0,1.0,35.0,1.0,43.0,20.0,0.0,0.0,5.0,109.0,9.0,9.0,13.0,17.0,0.0,1.0,3.0,3.0,12.0,6.0,29.0,24.0,8.0,2.0,3.0,11.0,69.0,2.0,11.0,17.0,14.0,8.0,2.0,4.0,10.0,4.0,4.0,47.0,192.0,6.0,6.0,0.0,10.0,23.0,13.0,2.0,168.0,139.0,11.0,105.0,27.0,21.0,401.0,11.0,238.0,620.0,20.0,14.0,708.0,4.0,81.0,3.0,44.0,4.0,6.0,16.0,1.0,143.0,7.0,0.0,96.0,62.0,10.0,21.0,23.0,63.0,19.0,24.0,6.0,5.0,8.0,48.0,32.0,0.0,108.0,67.0,0.0,11.0,15.0,3.0,20.0
72.0,7.0,7.0,35.0,72.0,1.0,20.0,0.0,5.0,1.0,21.0,47.0,45.0,69.0,12.0,2.0,15.0,32.0,88.0,23.0,69.0,12.0,58.0,5.0,14.0,51.0,42.0,2.0,58.0,2.0,24.0,22.0,45.0,25.0,1.0,1.0,37.0,192.0,13.0,26.0,34.0,95.0,11.0,17.0,94.0,16.0,10.0,11.0,121.0,210.0,5.0,0.0,31.0,16.0,126.0,8.0,11.0,11.0,11.0,2.0,11.0,1.0,4.0,5.0,23.0,73.0,328.0,12.0,12.0,0.0,69.0,53.0,29.0,7.0,481.0,162.0,51.0,114.0,129.0,61.0,24.0,32.0,83.0,120.0,174.0,29.0,38.0,292.0,157.0,16.0,100.0,13.0,37.0,24.0,11.0,22.0,32.0,0.0,56.0,39.0,69.0,11.0,54.0,138.0,32.0,62.0,30.0,17.0,7.0,218.0,67.0,16.0,36.0,49.0,6.0,11.0,45.0,11.0,3.0
89.0,43.0,4.0,22.0,72.0,1.0,51.0,10.0,25.0,0.0,60.0,45.0,158.0,78.0,8.0,4.0,29.0,20.0,69.0,20.0,12.0,27.0,14.0,12.0,31.0,56.0,14.0,0.0,56.0,3.0,31.0,23.0,33.0,42.0,9.0,1.0,92.0,353.0,30.0,21.0,33.0,595.0,21.0,6.0,69.0,87.0,14.0,16.0,128.0,94.0,26.0,8.0,41.0,19.0,199.0,14.0,15.0,30.0,40.0,20.0,23.0,15.0,4.0,14.0,39.0,141.0,574.0,23.0,17.0,9.0,40.0,319.0,39.0,61.0,980.0,220.0,27.0,1546.0,1698.0,128.0,86.0,63.0,582.0,1918.0,1117.0,101.0,163.0,103.0,1801.0,12.0,1293.0,18.0,334.0,50.0,14.0,43.0,55.0,0.0,123.0,160.0,41.0,35.0,37.0,3305.0,58.0,52.0,16.0,15.0,20.0,477.0,51.0,5.0,333.0,134.0,4.0,28.0,16.0,28.0,12.0
18.0,1.0,1.0,0.0,6.0,0.0,1.0,0.0,4.0,2.0,5.0,35.0,12.0,79.0,0.0,0.0,0.0,3.0,3.0,1.0,1.0,1.0,0.0,1.0,5.0,8.0,2.0,0.0,3.0,1.0,2.0,0.0,3.0,7.0,1.0,0.0,11.0,6.0,1.0,3.0,2.0,7.0,3.0,1.0,3.0,16.0,2.0,2.0,56.0,5.0,14.0,1.0,6.0,1.0,20.0,2.0,3.0,10.0,2.0,0.0,8.0,2.0,0.0,2.0,10.0,8.0,55.0,2.0,1.0,0.0,108.0,40.0,3.0,4.0,153.0,20.0,1.0,10.0,9.0,0.0,5.0,12.0,7.0,6.0,20.0,3.0,1.0,7.0,15.0,33.0,4.0,5.0,3.0,8.0,0.0,4.0,0.0,0.0,5.0,16.0,2.0,0.0,76.0,7.0,6.0,2.0,3.0,1.0,1.0,117.0,2.0,0.0,3.0,7.0,0.0,1.0,0.0,1.0,1.0
18.0,8.0,1.0,0.0,10.0,0.0,18.0,2.0,2.0,0.0,8.0,7.0,40.0,18.0,5.0,4.0,5.0,1.0,10.0,1.0,1.0,4.0,0.0,3.0,5.0,2.0,0.0,0.0,14.0,0.0,7.0,1.0,5.0,3.0,1.0,1.0,13.0,45.0,6.0,2.0,4.0,31.0,1.0,1.0,17.0,8.0,3.0,3.0,10.0,20.0,2.0,0.0,1.0,5.0,45.0,0.0,7.0,2.0,2.0,9.0,5.0,9.0,0.0,1.0,2.0,36.0,146.0,2.0,3.0,0.0,10.0,41.0,7.0,1.0,98.0,47.0,4.0,93.0,111.0,10.0,10.0,4.0,26.0,246.0,32.0,11.0,20.0,23.0,237.0,3.0,273.0,5.0,13.0,4.0,2.0,11.0,3.0,0.0,24.0,16.0,5.0,6.0,4.0,127.0,18.0,4.0,7.0,2.0,6.0,37.0,15.0,1.0,48.0,23.0,0.0,0.0,2.0,3.0,3.0
23.0,3.0,1.0,1.0,8.0,1.0,3.0,2.0,11.0,0.0,9.0,12.0,16.0,66.0,0.0,0.0,1.0,4.0,24.0,1.0,6.0,12.0,3.0,0.0,15.0,3.0,5.0,2.0,7.0,1.0,4.0,3.0,11.0,24.0,3.0,0.0,20.0,12.0,5.0,3.0,0.0,21.0,5.0,5.0,3.0,18.0,4.0,8.0,35.0,25.0,6.0,1.0,18.0,10.0,9.0,1.0,3.0,2.0,4.0,1.0,4.0,3.0,0.0,2.0,9.0,12.0,32.0,2.0,1.0,1.0,17.0,49.0,9.0,2.0,268.0,14.0,22.0,15.0,27.0,5.0,12.0,7.0,12.0,26.0,42.0,15.0,4.0,15.0,24.0,4.0,8.0,52.0,7.0,10.0,0.0,12.0,3.0,0.0,20.0,41.0,2.0,0.0,43.0,46.0,5.0,5.0,11.0,6.0,1.0,260.0,7.0,1.0,23.0,22.0,0.0,8.0,4.0,2.0,5.0
5.0,2.0,0.0,1.0,5.0,0.0,2.0,0.0,2.0,0.0,1.0,1.0,14.0,5.0,0.0,3.0,2.0,0.0,10.0,1.0,1.0,0.0,2.0,1.0,8.0,1.0,1.0,0.0,0.0,0.0,3.0,0.0,0.0,1.0,2.0,0.0,2.0,12.0,4.0,0.0,2.0,11.0,1.0,0.0,0.0,2.0,4.0,0.0,3.0,4.0,0.0,1.0,4.0,1.0,7.0,0.0,2.0,1.0,1.0,4.0,4.0,1.0,0.0,0.0,10.0,12.0,23.0,3.0,0.0,0.0,9.0,17.0,7.0,18.0,54.0,5.0,0.0,6.0,28.0,2.0,4.0,2.0,6.0,10.0,11.0,0.0,3.0,4.0,43.0,0.0,4.0,1.0,71.0,8.0,2.0,2.0,2.0,0.0,5.0,13.0,0.0,2.0,2.0,24.0,8.0,0.0,1.0,0.0,0.0,13.0,5.0,2.0,10.0,5.0,0.0,1.0,1.0,0.0,0.0
218.0,17.0,5.0,157.0,41.0,1.0,46.0,4.0,44.0,2.0,44.0,45.0,35.0,107.0,13.0,1.0,8.0,15.0,28.0,8.0,22.0,2.0,13.0,7.0,25.0,55.0,9.0,0.0,20.0,14.0,13.0,44.0,29.0,12.0,12.0,0.0,128.0,139.0,31.0,14.0,36.0,25.0,41.0,124.0,17.0,81.0,18.0,93.0,133.0,93.0,29.0,14.0,84.0,10.0,188.0,11.0,52.0,126.0,2.0,2.0,19.0,5.0,0.0,6.0,73.0,88.0,231.0,24.0,125.0,11.0,61.0,240.0,11.0,0.0,228.0,76.0,17.0,38.0,54.0,53.0,36.0,86.0,32.0,54.0,67.0,18.0,18.0,24.0,78.0,10.0,33.0,2.0,13.0,230.0,6.0,33.0,39.0,2.0,11.0,40.0,7.0,14.0,46.0,62.0,38.0,23.0,55.0,56.0,7.0,115.0,15.0,6.0,28.0,33.0,8.0,4.0,8.0,4.0,8.0
22.0,0.0,1.0,3.0,5.0,0.0,2.0,0.0,0.0,0.0,2.0,13.0,4.0,14.0,0.0,0.0,1.0,1.0,14.0,2.0,1.0,7.0,2.0,1.0,3.0,1.0,4.0,0.0,5.0,1.0,1.0,1.0,16.0,4.0,0.0,1.0,3.0,23.0,1.0,3.0,2.0,23.0,2.0,2.0,8.0,4.0,0.0,2.0,52.0,12.0,2.0,1.0,1.0,0.0,17.0,2.0,2.0,3.0,6.0,1.0,4.0,0.0,0.0,0.0,5.0,2.0,30.0,2.0,1.0,1.0,35.0,10.0,3.0,2.0,115.0,26.0,7.0,23.0,30.0,6.0,0.0,1.0,11.0,49.0,49.0,7.0,2.0,12.0,32.0,2.0,24.0,8.0,7.0,2.0,4.0,3.0,4.0,0.0,13.0,2.0,5.0,2.0,17.0,24.0,7.0,2.0,0.0,4.0,0.0,70.0,6.0,0.0,7.0,18.0,0.0,6.0,2.0,1.0,1.0
15.0,3.0,2.0,0.0,22.0,0.0,1.0,0.0,1.0,0.0,11.0,3.0,60.0,5.0,0.0,4.0,5.0,18.0,24.0,5.0,17.0,6.0,2.0,2.0,83.0,47.0,7.0,1.0,20.0,3.0,19.0,3.0,49.0,13.0,1.0,0.0,6.0,197.0,9.0,1.0,11.0,11.0,0.0,0.0,2.0,5.0,9.0,7.0,21.0,16.0,4.0,0.0,2.0,3.0,57.0,0.0,1.0,12.0,3.0,1.0,2.0,3.0,1.0,4.0,1.0,47.0,118.0,5.0,1.0,2.0,8.0,18.0,6.0,0.0,96.0,44.0,6.0,46.0,10.0,38.0,410.0,29.0,81.0,229.0,20.0,8.0,264.0,2.0,22.0,5.0,18.0,1.0,2.0,27.0,0.0,281.0,16.0,1.0,157.0,70.0,8.0,13.0,5.0,12.0,39.0,22.0,6.0,3.0,2.0,13.0,27.0,4.0,26.0,45.0,0.0,23.0,16.0,1.0,17.0
113.0,40.0,19.0,99.0,53.0,1.0,31.0,2.0,23.0,3.0,230.0,14.0,64.0,70.0,19.0,11.0,28.0,11.0,37.0,18.0,41.0,7.0,18.0,4.0,10.0,12.0,23.0,1.0,13.0,10.0,20.0,97.0,8.0,24.0,6.0,2.0,83.0,158.0,100.0,38.0,47.0,20.0,40.0,127.0,36.0,36.0,17.0,25.0,44.0,16.0,34.0,2.0,8.0,1.0,154.0,13.0,7.0,15.0,3.0,7.0,12.0,4.0,5.0,10.0,32.0,157.0,297.0,42.0,47.0,12.0,14.0,130.0,6.0,1.0,74.0,49.0,4.0,19.0,27.0,126.0,12.0,40.0,19.0,36.0,30.0,10.0,13.0,23.0,28.0,3.0,6.0,2.0,4.0,50.0,2.0,11.0,176.0,1.0,22.0,29.0,14.0,39.0,15.0,27.0,118.0,28.0,110.0,15.0,19.0,53.0,11.0,5.0,15.0,19.0,21.0,5.0,25.0,13.0,10.0
10.0,1.0,6.0,2.0,5.0,1.0,0.0,0.0,0.0,0.0,19.0,1.0,3.0,1.0,2.0,0.0,1.0,2.0,2.0,0.0,3.0,0.0,0.0,0.0,2.0,0.0,0.0,0.0,0.0,1.0,0.0,24.0,1.0,3.0,0.0,0.0,2.0,13.0,45.0,2.0,0.0,2.0,12.0,52.0,1.0,1.0,1.0,3.0,3.0,2.0,0.0,2.0,0.0,0.0,2.0,0.0,0.0,0.0,0.0,0.0,0.0,0.0,0.0,6.0,0.0,21.0,6.0,11.0,5.0,0.0,0.0,5.0,0.0,0.0,8.0,2.0,0.0,3.0,2.0,1.0,2.0,1.0,3.0,0.0,2.0,0.0,3.0,1.0,0.0,0.0,0.0,0.0,1.0,0.0,0.0,0.0,3.0,1.0,2.0,10.0,0.0,2.0,1.0,2.0,0.0,5.0,4.0,0.0,0.0,2.0,0.0,1.0,1.0,0.0,2.0,1.0,0.0,0.0,0.0
49.0,31.0,4.0,10.0,226.0,9.0,7.0,2.0,9.0,1.0,19.0,19.0,107.0,37.0,5.0,3.0,100.0,109.0,362.0,87.0,134.0,86.0,10.0,89.0,402.0,11.0,53.0,8.0,13.0,0.0,56.0,12.0,100.0,336.0,5.0,0.0,21.0,143.0,5.0,66.0,39.0,28.0,2.0,7.0,6.0,21.0,13.0,9.0,43.0,11.0,12.0,6.0,9.0,4.0,66.0,2.0,15.0,9.0,13.0,3.0,11.0,29.0,10.0,13.0,17.0,68.0,287.0,15.0,11.0,1.0,31.0,56.0,16.0,3.0,251.0,50.0,6.0,125.0,70.0,27.0,84.0,7.0,98.0,177.0,83.0,83.0,143.0,10.0,89.0,6.0,55.0,11.0,13.0,8.0,4.0,292.0,9.0,0.0,818.0,936.0,14.0,23.0,37.0,119.0,32.0,228.0,19.0,8.0,19.0,76.0,166.0,5.0,76.0,59.0,6.0,134.0,59.0,22.0,81.0
109.0,72.0,17.0,21.0,938.0,10.0,48.0,2.0,19.0,2.0,93.0,68.0,219.0,92.0,17.0,5.0,226.0,502.0,2148.0,287.0,226.0,711.0,41.0,151.0,477.0,30.0,153.0,12.0,67.0,10.0,154.0,30.0,316.0,1629.0,6.0,4.0,78.0,516.0,34.0,125.0,61.0,70.0,14.0,16.0,26.0,48.0,19.0,12.0,120.0,48.0,20.0,5.0,22.0,9.0,222.0,9.0,39.0,44.0,17.0,16.0,15.0,128.0,59.0,31.0,35.0,183.0,930.0,48.0,23.0,9.0,77.0,194.0,29.0,7.0,706.0,174.0,32.0,119.0,138.0,120.0,137.0,43.0,121.0,288.0,180.0,233.0,283.0,28.0,215.0,22.0,103.0,25.0,40.0,37.0,1.0,375.0,44.0,2.0,3209.0,2531.0,20.0,64.0,80.0,206.0,91.0,771.0,51.0,14.0,52.0,193.0,554.0,11.0,148.0,129.0,4.0,309.0,215.0,33.0,229.0
18.0,2.0,0.0,11.0,7.0,2.0,3.0,0.0,2.0,1.0,15.0,5.0,15.0,12.0,1.0,0.0,2.0,9.0,9.0,1.0,3.0,3.0,15.0,1.0,5.0,3.0,4.0,1.0,82.0,0.0,4.0,2.0,8.0,10.0,0.0,0.0,11.0,52.0,4.0,2.0,6.0,29.0,3.0,10.0,10.0,2.0,1.0,4.0,20.0,17.0,1.0,3.0,4.0,1.0,31.0,4.0,4.0,7.0,34.0,0.0,1.0,0.0,0.0,0.0,3.0,18.0,125.0,11.0,2.0,0.0,11.0,14.0,19.0,0.0,155.0,62.0,14.0,27.0,21.0,17.0,18.0,7.0,24.0,58.0,37.0,32.0,17.0,38.0,31.0,1.0,19.0,2.0,11.0,3.0,10.0,6.0,2.0,0.0,16.0,31.0,90.0,3.0,12.0,39.0,12.0,55.0,6.0,8.0,2.0,43.0,7.0,2.0,22.0,48.0,0.0,6.0,8.0,0.0,5.0
215.0,207.0,150.0,89.0,187.0,1.0,48.0,2.0,33.0,13.0,595.0,53.0,132.0,82.0,159.0,32.0,90.0,76.0,188.0,50.0,85.0,29.0,28.0,0.0,92.0,22.0,33.0,0.0,26.0,9.0,19.0,201.0,49.0,112.0,21.0,5.0,248.0,833.0,141.0,89.0,27.0,84.0,91.0,90.0,36.0,51.0,25.0,33.0,52.0,27.0,77.0,11.0,9.0,1.0,60.0,39.0,6.0,29.0,7.0,17.0,42.0,7.0,6.0,18.0,52.0,996.0,313.0,90.0,43.0,18.0,31.0,317.0,13.0,17.0,177.0,72.0,15.0,129.0,136.0,192.0,47.0,46.0,58.0,199.0,98.0,37.0,67.0,33.0,115.0,8.0,109.0,17.0,43.0,58.0,3.0,125.0,98.0,5.0,160.0,256.0,19.0,341.0,68.0,177.0,75.0,108.0,435.0,11.0,108.0,121.0,50.0,95.0,46.0,47.0,191.0,22.0,62.0,24.0,15.0
52.0,7.0,0.0,1.0,9.0,0.0,6.0,0.0,5.0,0.0,10.0,30.0,25.0,86.0,3.0,0.0,0.0,6.0,14.0,4.0,7.0,2.0,1.0,1.0,8.0,15.0,5.0,0.0,7.0,0.0,7.0,3.0,4.0,8.0,6.0,0.0,21.0,29.0,14.0,2.0,1.0,3.0,1.0,7.0,3.0,30.0,6.0,8.0,49.0,22.0,8.0,1.0,14.0,1.0,30.0,1.0,6.0,13.0,3.0,3.0,6.0,5.0,2.0,7.0,4.0,19.0,255.0,2.0,7.0,0.0,19.0,59.0,10.0,0.0,228.0,61.0,10.0,9.0,14.0,13.0,8.0,20.0,7.0,24.0,7.0,7.0,10.0,16.0,17.0,20.0,10.0,12.0,1.0,9.0,2.0,16.0,1.0,0.0,14.0,29.0,0.0,9.0,656.0,22.0,20.0,10.0,12.0,3.0,0.0,181.0,9.0,1.0,9.0,17.0,0.0,0.0,1.0,1.0,3.0
17.0,8.0,2.0,4.0,19.0,0.0,6.0,0.0,3.0,2.0,5.0,8.0,34.0,20.0,0.0,1.0,6.0,2.0,19.0,1.0,5.0,6.0,1.0,1.0,11.0,2.0,1.0,0.0,15.0,1.0,9.0,5.0,12.0,9.0,1.0,2.0,17.0,38.0,7.0,3.0,3.0,95.0,2.0,3.0,14.0,14.0,7.0,4.0,23.0,10.0,11.0,3.0,7.0,1.0,40.0,1.0,5.0,7.0,12.0,5.0,3.0,2.0,0.0,2.0,6.0,24.0,95.0,7.0,0.0,2.0,22.0,76.0,9.0,5.0,199.0,33.0,1.0,61.0,87.0,9.0,18.0,2.0,24.0,87.0,193.0,15.0,26.0,20.0,289.0,4.0,55.0,6.0,24.0,9.0,6.0,18.0,7.0,0.0,36.0,40.0,9.0,4.0,20.0,129.0,13.0,6.0,6.0,3.0,5.0,88.0,8.0,0.0,58.0,31.0,0.0,3.0,2.0,2.0,3.0
485.0,34.0,16.0,230.0,100.0,1.0,58.0,3.0,53.0,10.0,106.0,74.0,123.0,191.0,26.0,6.0,33.0,38.0,91.0,14.0,59.0,37.0,78.0,10.0,65.0,84.0,84.0,2.0,75.0,6.0,61.0,44.0,107.0,56.0,6.0,2.0,261.0,320.0,25.0,48.0,129.0,121.0,26.0,55.0,208.0,99.0,8.0,49.0,143.0,128.0,60.0,7.0,58.0,2.0,670.0,6.0,25.0,99.0,15.0,6.0,45.0,14.0,12.0,15.0,130.0,173.0,487.0,44.0,141.0,15.0,92.0,267.0,17.0,15.0,449.0,257.0,27.0,151.0,179.0,181.0,101.0,215.0,147.0,232.0,203.0,75.0,113.0,88.0,106.0,8.0,104.0,26.0,41.0,293.0,6.0,134.0,333.0,0.0,107.0,127.0,39.0,35.0,107.0,180.0,255.0,102.0,99.0,20.0,24.0,286.0,50.0,10.0,69.0,126.0,4.0,24.0,105.0,15.0,29.0
37.0,15.0,5.0,26.0,35.0,3.0,10.0,1.0,5.0,0.0,48.0,14.0,56.0,23.0,3.0,2.0,11.0,31.0,107.0,27.0,25.0,42.0,88.0,13.0,22.0,36.0,13.0,21.0,95.0,2.0,51.0,14.0,51.0,90.0,3.0,0.0,26.0,65.0,20.0,16.0,15.0,14.0,3.0,14.0,25.0,12.0,10.0,5.0,50.0,26.0,4.0,0.0,3.0,4.0,105.0,1.0,10.0,8.0,24.0,5.0,1.0,7.0,13.0,5.0,6.0,49.0,253.0,23.0,12.0,2.0,30.0,50.0,17.0,3.0,194.0,153.0,2.0,25.0,20.0,27.0,16.0,20.0,16.0,26.0,28.0,16.0,27.0,47.0,26.0,1.0,10.0,4.0,8.0,10.0,2.0,23.0,10.0,0.0,178.0,206.0,36.0,14.0,17.0,24.0,25.0,375.0,14.0,5.0,10.0,42.0,61.0,1.0,24.0,33.0,1.0,28.0,110.0,8.0,66.0
55.0,340.0,50.0,16.0,65.0,5.0,16.0,1.0,23.0,2.0,104.0,16.0,271.0,16.0,111.0,2.0,20.0,14.0,28.0,33.0,23.0,3.0,2.0,3.0,22.0,8.0,11.0,0.0,2.0,6.0,9.0,44.0,9.0,16.0,4.0,22.0,72.0,329.0,13.0,23.0,15.0,22.0,21.0,37.0,5.0,15.0,5.0,3.0,16.0,12.0,31.0,3.0,2.0,0.0,35.0,5.0,4.0,9.0,6.0,4.0,25.0,2.0,3.0,2.0,12.0,560.0,322.0,18.0,9.0,10.0,17.0,89.0,2.0,1.0,77.0,14.0,13.0,33.0,17.0,41.0,11.0,16.0,20.0,44.0,27.0,9.0,13.0,11.0,29.0,2.0,17.0,2.0,10.0,13.0,3.0,22.0,35.0,1.0,36.0,38.0,2.0,92.0,20.0,34.0,24.0,8.0,996.0,3.0,145.0,28.0,21.0,54.0,10.0,13.0,33.0,3.0,16.0,58.0,3.0
253.0,1.0,0.0,4.0,8.0,0.0,19.0,0.0,1.0,0.0,24.0,74.0,7.0,22.0,2.0,2.0,2.0,7.0,15.0,4.0,2.0,3.0,6.0,3.0,6.0,7.0,4.0,0.0,5.0,0.0,3.0,16.0,8.0,21.0,0.0,0.0,33.0,19.0,6.0,5.0,14.0,10.0,1.0,5.0,1.0,16.0,10.0,54.0,17.0,9.0,3.0,0.0,21.0,3.0,37.0,1.0,35.0,3.0,3.0,12.0,0.0,2.0,0.0,5.0,29.0,18.0,79.0,20.0,23.0,0.0,32.0,28.0,6.0,1.0,108.0,11.0,9.0,6.0,24.0,0.0,5.0,9.0,8.0,37.0,11.0,6.0,7.0,0.0,15.0,7.0,16.0,4.0,3.0,39.0,4.0,13.0,10.0,1.0,25.0,42.0,3.0,7.0,17.0,31.0,10.0,4.0,9.0,51.0,2.0,36.0,8.0,1.0,26.0,8.0,0.0,9.0,1.0,1.0,3.0
52.0,247.0,23.0,20.0,190.0,13.0,13.0,3.0,13.0,6.0,78.0,16.0,581.0,27.0,84.0,4.0,97.0,32.0,58.0,51.0,26.0,3.0,4.0,6.0,26.0,2.0,26.0,0.0,6.0,4.0,11.0,49.0,15.0,67.0,5.0,3.0,66.0,100.0,15.0,98.0,7.0,34.0,19.0,19.0,5.0,16.0,0.0,3.0,24.0,6.0,37.0,2.0,4.0,0.0,30.0,14.0,0.0,7.0,6.0,7.0,13.0,6.0,0.0,1.0,30.0,243.0,409.0,16.0,8.0,8.0,12.0,67.0,5.0,4.0,90.0,26.0,7.0,52.0,38.0,34.0,15.0,24.0,45.0,47.0,47.0,15.0,27.0,13.0,28.0,5.0,37.0,4.0,13.0,15.0,1.0,31.0,26.0,0.0,53.0,105.0,1.0,56.0,39.0,51.0,13.0,21.0,265.0,0.0,194.0,30.0,26.0,38.0,20.0,9.0,12.0,10.0,20.0,66.0,11.0
180.0,12.0,9.0,21.0,35.0,2.0,34.0,5.0,66.0,2.0,115.0,76.0,68.0,565.0,7.0,4.0,21.0,17.0,63.0,3.0,21.0,21.0,15.0,10.0,34.0,41.0,21.0,0.0,21.0,1.0,17.0,24.0,30.0,51.0,17.0,0.0,131.0,92.0,25.0,24.0,25.0,127.0,22.0,12.0,26.0,189.0,28.0,18.0,169.0,54.0,34.0,4.0,58.0,19.0,108.0,11.0,22.0,32.0,21.0,28.0,29.0,9.0,3.0,12.0,88.0,85.0,313.0,15.0,18.0,11.0,192.0,409.0,34.0,5.0,897.0,139.0,51.0,139.0,150.0,28.0,52.0,46.0,87.0,147.0,243.0,62.0,57.0,45.0,201.0,44.0,90.0,100.0,50.0,30.0,9.0,53.0,16.0,0.0,61.0,116.0,21.0,47.0,590.0,291.0,53.0,33.0,20.0,14.0,12.0,1652.0,39.0,2.0,77.0,61.0,4.0,26.0,11.0,6.0,19.0
86.0,36.0,4.0,29.0,456.0,3.0,17.0,1.0,10.0,0.0,54.0,29.0,97.0,99.0,13.0,4.0,84.0,325.0,929.0,166.0,455.0,366.0,200.0,42.0,301.0,84.0,98.0,9.0,157.0,5.0,103.0,24.0,150.0,664.0,7.0,3.0,70.0,272.0,17.0,142.0,40.0,47.0,3.0,13.0,19.0,15.0,6.0,15.0,106.0,56.0,12.0,3.0,25.0,32.0,179.0,5.0,9.0,18.0,7.0,2.0,8.0,78.0,45.0,17.0,17.0,128.0,688.0,17.0,16.0,1.0,60.0,71.0,10.0,4.0,406.0,125.0,23.0,102.0,129.0,81.0,116.0,66.0,115.0,219.0,118.0,135.0,189.0,81.0,113.0,17.0,70.0,8.0,35.0,18.0,8.0,256.0,21.0,0.0,1007.0,1066.0,14.0,38.0,56.0,79.0,75.0,421.0,61.0,10.0,18.0,135.0,502.0,7.0,75.0,51.0,5.0,139.0,233.0,20.0,159.0
20.0,92.0,8.0,11.0,65.0,0.0,4.0,0.0,13.0,18.0,31.0,10.0,49.0,11.0,223.0,1.0,13.0,9.0,20.0,11.0,21.0,1.0,3.0,3.0,3.0,2.0,7.0,0.0,3.0,0.0,4.0,25.0,6.0,7.0,3.0,21.0,28.0,85.0,13.0,12.0,0.0,10.0,6.0,6.0,1.0,6.0,1.0,2.0,5.0,4.0,15.0,4.0,1.0,0.0,3.0,6.0,1.0,2.0,0.0,2.0,7.0,3.0,2.0,6.0,17.0,171.0,98.0,7.0,3.0,4.0,10.0,33.0,0.0,10.0,17.0,5.0,4.0,26.0,21.0,4.0,2.0,8.0,17.0,18.0,5.0,7.0,9.0,5.0,15.0,1.0,15.0,0.0,4.0,7.0,0.0,9.0,12.0,0.0,16.0,8.0,0.0,47.0,15.0,29.0,8.0,6.0,118.0,4.0,20.0,24.0,13.0,69.0,5.0,7.0,40.0,9.0,3.0,5.0,3.0
18.0,4.0,1.0,5.0,10.0,1.0,15.0,1.0,9.0,0.0,6.0,6.0,31.0,26.0,1.0,1.0,8.0,12.0,28.0,7.0,8.0,12.0,4.0,4.0,13.0,7.0,5.0,1.0,48.0,0.0,23.0,1.0,32.0,15.0,0.0,1.0,14.0,62.0,13.0,5.0,6.0,103.0,1.0,0.0,6.0,21.0,8.0,1.0,26.0,28.0,7.0,1.0,8.0,2.0,54.0,2.0,13.0,10.0,7.0,7.0,6.0,4.0,4.0,5.0,12.0,26.0,270.0,11.0,0.0,2.0,22.0,74.0,22.0,8.0,250.0,172.0,2.0,231.0,282.0,15.0,86.0,8.0,341.0,310.0,163.0,56.0,193.0,22.0,314.0,3.0,217.0,1.0,51.0,10.0,2.0,35.0,6.0,0.0,41.0,116.0,15.0,6.0,7.0,394.0,15.0,18.0,5.0,5.0,6.0,82.0,14.0,0.0,288.0,74.0,0.0,18.0,5.0,3.0,7.0
105.0,5.0,4.0,17.0,26.0,0.0,38.0,0.0,19.0,0.0,12.0,47.0,37.0,53.0,7.0,2.0,12.0,24.0,87.0,12.0,17.0,40.0,12.0,18.0,127.0,60.0,6.0,0.0,57.0,0.0,24.0,6.0,352.0,66.0,2.0,4.0,34.0,103.0,6.0,7.0,18.0,96.0,4.0,8.0,19.0,22.0,22.0,14.0,147.0,78.0,7.0,1.0,27.0,29.0,118.0,3.0,32.0,34.0,47.0,7.0,9.0,5.0,2.0,3.0,8.0,60.0,244.0,19.0,5.0,3.0,43.0,54.0,105.0,16.0,1032.0,136.0,30.0,150.0,169.0,36.0,180.0,34.0,178.0,214.0,166.0,203.0,206.0,59.0,260.0,20.0,136.0,18.0,39.0,47.0,9.0,198.0,14.0,0.0,142.0,205.0,45.0,11.0,59.0,200.0,55.0,114.0,12.0,17.0,14.0,151.0,46.0,2.0,233.0,217.0,0.0,132.0,10.0,4.0,27.0
17.0,34.0,34.0,2.0,7.0,0.0,2.0,0.0,4.0,0.0,19.0,1.0,20.0,3.0,57.0,0.0,1.0,1.0,9.0,4.0,0.0,1.0,3.0,0.0,3.0,1.0,4.0,0.0,0.0,3.0,2.0,4.0,1.0,4.0,4.0,2.0,3.0,40.0,8.0,5.0,1.0,3.0,2.0,1.0,0.0,0.0,1.0,1.0,4.0,1.0,4.0,0.0,3.0,0.0,8.0,1.0,1.0,3.0,0.0,0.0,1.0,0.0,0.0,1.0,1.0,73.0,28.0,3.0,0.0,1.0,1.0,4.0,0.0,2.0,5.0,2.0,0.0,2.0,3.0,4.0,2.0,2.0,6.0,8.0,0.0,2.0,2.0,5.0,7.0,0.0,3.0,0.0,7.0,2.0,0.0,2.0,6.0,0.0,8.0,5.0,0.0,34.0,3.0,13.0,0.0,8.0,33.0,0.0,4.0,10.0,1.0,52.0,3.0,6.0,60.0,0.0,6.0,2.0,1.0
3.0,4.0,0.0,1.0,19.0,2.0,2.0,1.0,1.0,0.0,1.0,1.0,11.0,2.0,0.0,0.0,7.0,11.0,27.0,8.0,6.0,14.0,1.0,6.0,42.0,23.0,6.0,1.0,4.0,0.0,12.0,3.0,67.0,14.0,1.0,0.0,1.0,34.0,1.0,6.0,4.0,9.0,0.0,0.0,5.0,1.0,3.0,1.0,9.0,6.0,1.0,2.0,4.0,0.0,20.0,0.0,4.0,5.0,2.0,1.0,0.0,4.0,1.0,2.0,0.0,18.0,52.0,1.0,0.0,0.0,8.0,7.0,13.0,0.0,52.0,10.0,0.0,11.0,6.0,6.0,33.0,4.0,9.0,27.0,8.0,29.0,26.0,8.0,15.0,0.0,4.0,3.0,2.0,12.0,2.0,101.0,1.0,0.0,69.0,82.0,0.0,6.0,3.0,7.0,6.0,17.0,4.0,3.0,1.0,10.0,23.0,0.0,26.0,21.0,1.0,70.0,5.0,1.0,8.0
57.0,47.0,22.0,26.0,144.0,1.0,22.0,2.0,23.0,6.0,83.0,8.0,125.0,50.0,34.0,9.0,34.0,71.0,171.0,34.0,151.0,55.0,167.0,19.0,55.0,23.0,54.0,26.0,76.0,6.0,307.0,28.0,31.0,141.0,10.0,1.0,69.0,221.0,24.0,70.0,60.0,20.0,23.0,42.0,15.0,18.0,10.0,4.0,19.0,31.0,19.0,1.0,12.0,21.0,193.0,3.0,9.0,73.0,4.0,5.0,12.0,17.0,60.0,27.0,28.0,116.0,667.0,25.0,29.0,5.0,16.0,111.0,9.0,2.0,127.0,227.0,8.0,28.0,24.0,64.0,37.0,49.0,31.0,42.0,45.0,30.0,42.0,51.0,27.0,1.0,22.0,4.0,18.0,28.0,7.0,61.0,32.0,0.0,240.0,245.0,19.0,29.0,16.0,23.0,65.0,205.0,90.0,10.0,45.0,34.0,224.0,20.0,35.0,37.0,5.0,32.0,241.0,12.0,284.0
44.0,172.0,11.0,28.0,405.0,49.0,15.0,2.0,15.0,1.0,57.0,2.0,226.0,12.0,32.0,1.0,184.0,51.0,113.0,107.0,80.0,13.0,9.0,27.0,25.0,14.0,51.0,0.0,11.0,1.0,11.0,13.0,4.0,109.0,3.0,3.0,37.0,55.0,14.0,187.0,26.0,12.0,4.0,19.0,9.0,9.0,5.0,1.0,29.0,18.0,16.0,0.0,5.0,4.0,76.0,2.0,14.0,7.0,6.0,3.0,4.0,11.0,11.0,1.0,16.0,98.0,665.0,9.0,13.0,1.0,6.0,29.0,7.0,1.0,51.0,80.0,3.0,45.0,46.0,35.0,11.0,33.0,29.0,60.0,55.0,12.0,21.0,23.0,28.0,2.0,33.0,1.0,8.0,22.0,3.0,37.0,36.0,0.0,83.0,89.0,18.0,13.0,15.0,68.0,13.0,29.0,196.0,2.0,67.0,35.0,30.0,9.0,11.0,12.0,12.0,15.0,52.0,119.0,11.0
24.0,8.0,3.0,10.0,141.0,1.0,22.0,0.0,4.0,0.0,30.0,14.0,69.0,19.0,0.0,1.0,52.0,116.0,451.0,60.0,48.0,132.0,26.0,23.0,168.0,5.0,70.0,3.0,32.0,0.0,63.0,9.0,67.0,355.0,3.0,0.0,29.0,174.0,10.0,130.0,32.0,30.0,5.0,5.0,13.0,10.0,3.0,2.0,36.0,2.0,8.0,0.0,2.0,0.0,90.0,4.0,4.0,4.0,4.0,1.0,3.0,51.0,138.0,4.0,7.0,20.0,400.0,5.0,8.0,1.0,21.0,28.0,10.0,1.0,119.0,80.0,4.0,64.0,61.0,49.0,49.0,11.0,78.0,133.0,47.0,71.0,108.0,10.0,41.0,2.0,27.0,5.0,12.0,7.0,1.0,168.0,11.0,0.0,493.0,500.0,8.0,18.0,28.0,63.0,36.0,242.0,18.0,8.0,6.0,89.0,130.0,2.0,33.0,30.0,1.0,62.0,230.0,10.0,110.0
